{
  "agent_name": "architectural",
  "status": "completed",
  "design_data": {
    "massing": {
      "width": 27.386127875258307,
      "depth": 18.257418583505537,
      "height": 7.2,
      "floors": 2,
      "floor_height": 3.6,
      "form_type": "rectangular",
      "orientation": 0
    },
    "floor_plans": [
      {
        "floor_level": 0,
        "width": 27.386127875258307,
        "depth": 18.257418583505537,
        "height": 3.6,
        "core": {
          "id": "core_0",
          "position": [
            6.846531968814577,
            6.085806194501846
          ],
          "width": 6.846531968814577,
          "depth": 6.085806194501846,
          "elevators": 2,
          "stairs": 2
        },
        "spaces": [
          {
            "id": "corridor_bottom_0",
            "name": "corridor_0_bottom",
            "type": "corridor",
            "area": 111.9372989495272,
            "requires_daylight": false,
            "has_window": true,
            "bounds": {
              "min_x": 0.5,
              "max_x": 20.53959590644373,
              "min_y": 0.5,
              "max_y": 6.085806194501846
            }
          },
          {
            "id": "corridor_top_0",
            "name": "corridor_0_top",
            "type": "corridor",
            "area": 111.9372989495272,
            "requires_daylight": false,
            "has_window": true,
            "bounds": {
              "min_x": 0.5,
              "max_x": 20.53959590644373,
              "min_y": 12.171612389003691,
              "max_y": 17.757418583505537
            }
          },
          {
            "id": "corridor_left_0",
            "name": "corridor_0_left",
            "type": "corridor",
            "area": 38.62376356941574,
            "requires_daylight": false,
            "has_window": true,
            "bounds": {
              "min_x": 0.5,
              "max_x": 6.846531968814577,
              "min_y": 6.085806194501846,
              "max_y": 12.171612389003691
            }
          },
          {
            "id": "corridor_right_0",
            "name": "corridor_0_right",
            "type": "corridor",
            "area": 41.666666666666664,
            "requires_daylight": false,
            "has_window": false,
            "bounds": {
              "min_x": 13.693063937629153,
              "max_x": 20.53959590644373,
              "min_y": 6.085806194501846,
              "max_y": 12.171612389003691
            }
          },
          {
            "id": "unit_e_0_0",
            "name": "unit_e_1",
            "type": "apartment",
            "area": 35.45049758500846,
            "requires_daylight": true,
            "has_window": true,
            "bounds": {
              "min_x": 20.53959590644373,
              "max_x": 26.886127875258307,
              "min_y": 0.5,
              "max_y": 6.085806194501846
            }
          },
          {
            "id": "unit_e_0_1",
            "name": "unit_e_2",
            "type": "apartment",
            "area": 38.62376356941575,
            "requires_daylight": true,
            "has_window": true,
            "bounds": {
              "min_x": 20.53959590644373,
              "max_x": 26.886127875258307,
              "min_y": 6.085806194501846,
              "max_y": 12.171612389003691
            }
          },
          {
            "id": "unit_e_0_2",
            "name": "unit_e_3",
            "type": "apartment",
            "area": 35.45049758500846,
            "requires_daylight": true,
            "has_window": true,
            "bounds": {
              "min_x": 20.53959590644373,
              "max_x": 26.886127875258307,
              "min_y": 12.171612389003691,
              "max_y": 17.757418583505537
            }
          }
        ],
        "circulation": [
          {
            "id": "corridor_ring_0_bottom",
            "type": "main_corridor",
            "width": 1.5,
            "path": [
              {
                "x": 6.096531968814577,
                "y": 5.335806194501846
              },
              {
                "x": 14.443063937629153,
                "y": 5.335806194501846
              }
            ],
            "length": 8.346531968814578
          },
          {
            "id": "corridor_ring_0_top",
            "type": "main_corridor",
            "width": 1.5,
            "path": [
              {
                "x": 6.096531968814577,
                "y": 12.921612389003691
              },
              {
                "x": 14.443063937629153,
                "y": 12.921612389003691
              }
            ],
            "length": 8.346531968814578
          },
          {
            "id": "corridor_ring_0_left",
            "type": "main_corridor",
            "width": 1.5,
            "path": [
              {
                "x": 6.096531968814577,
                "y": 5.335806194501846
              },
              {
                "x": 6.096531968814577,
                "y": 12.921612389003691
              }
            ],
            "length": 7.585806194501846
          },
          {
            "id": "corridor_ring_0_right",
            "type": "main_corridor",
            "width": 1.5,
            "path": [
              {
                "x": 14.443063937629153,
                "y": 5.335806194501846
              },
              {
                "x": 14.443063937629153,
                "y": 12.921612389003691
              }
            ],
            "length": 7.585806194501846
          },
          {
            "id": "corridor_secondary_0_1",
            "type": "secondary_corridor",
            "width": 1.2000000000000002,
            "path": [
              {
                "x": 6.846531968814577,
                "y": 0
              },
              {
                "x": 6.846531968814577,
                "y": 18.257418583505537
              }
            ],
            "length": 18.257418583505537
          },
          {
            "id": "corridor_secondary_0_2",
            "type": "secondary_corridor",
            "width": 1.2000000000000002,
            "path": [
              {
                "x": 13.693063937629153,
                "y": 0
              },
              {
                "x": 13.693063937629153,
                "y": 18.257418583505537
              }
            ],
            "length": 18.257418583505537
          },
          {
            "id": "corridor_secondary_0_3",
            "type": "secondary_corridor",
            "width": 1.2000000000000002,
            "path": [
              {
                "x": 20.53959590644373,
                "y": 0
              },
              {
                "x": 20.53959590644373,
                "y": 18.257418583505537
              }
            ],
            "length": 18.257418583505537
          }
        ],
        "grid_x": [
          0.0,
          6.846531968814577,
          13.693063937629153,
          20.53959590644373,
          27.386127875258307
        ],
        "grid_y": [
          0.0,
          6.085806194501846,
          12.171612389003691,
          18.257418583505537
        ]
      },
      {
        "floor_level": 1,
        "width": 27.386127875258307,
        "depth": 18.257418583505537,
        "height": 3.6,
        "core": {
          "id": "core_1",
          "position": [
            6.846531968814577,
            6.085806194501846
          ],
          "width": 6.846531968814577,
          "depth": 6.085806194501846,
          "elevators": 2,
          "stairs": 2
        },
        "spaces": [
          {
            "id": "corridor_bottom_1",
            "name": "corridor_1_bottom",
            "type": "corridor",
            "area": 111.9372989495272,
            "requires_daylight": false,
            "has_window": true,
            "bounds": {
              "min_x": 0.5,
              "max_x": 20.53959590644373,
              "min_y": 0.5,
              "max_y": 6.085806194501846
            }
          },
          {
            "id": "corridor_top_1",
            "name": "corridor_1_top",
            "type": "corridor",
            "area": 111.9372989495272,
            "requires_daylight": false,
            "has_window": true,
            "bounds": {
              "min_x": 0.5,
              "max_x": 20.53959590644373,
              "min_y": 12.171612389003691,
              "max_y": 17.757418583505537
            }
          },
          {
            "id": "corridor_left_1",
            "name": "corridor_1_left",
            "type": "corridor",
            "area": 38.62376356941574,
            "requires_daylight": false,
            "has_window": true,
            "bounds": {
              "min_x": 0.5,
              "max_x": 6.846531968814577,
              "min_y": 6.085806194501846,
              "max_y": 12.171612389003691
            }
          },
          {
            "id": "corridor_right_1",
            "name": "corridor_1_right",
            "type": "corridor",
            "area": 41.666666666666664,
            "requires_daylight": false,
            "has_window": false,
            "bounds": {
              "min_x": 13.693063937629153,
              "max_x": 20.53959590644373,
              "min_y": 6.085806194501846,
              "max_y": 12.171612389003691
            }
          },
          {
            "id": "unit_e_1_0",
            "name": "unit_e_1",
            "type": "apartment",
            "area": 35.45049758500846,
            "requires_daylight": true,
            "has_window": true,
            "bounds": {
              "min_x": 20.53959590644373,
              "max_x": 26.886127875258307,
              "min_y": 0.5,
              "max_y": 6.085806194501846
            }
          },
          {
            "id": "unit_e_1_1",
            "name": "unit_e_2",
            "type": "apartment",
            "area": 38.62376356941575,
            "requires_daylight": true,
            "has_window": true,
            "bounds": {
              "min_x": 20.53959590644373,
              "max_x": 26.886127875258307,
              "min_y": 6.085806194501846,
              "max_y": 12.171612389003691
            }
          },
          {
            "id": "unit_e_1_2",
            "name": "unit_e_3",
            "type": "apartment",
            "area": 35.45049758500846,
            "requires_daylight": true,
            "has_window": true,
            "bounds": {
              "min_x": 20.53959590644373,
              "max_x": 26.886127875258307,
              "min_y": 12.171612389003691,
              "max_y": 17.757418583505537
            }
          }
        ],
        "circulation": [
          {
            "id": "corridor_ring_1_bottom",
            "type": "main_corridor",
            "width": 1.5,
            "path": [
              {
                "x": 6.096531968814577,
                "y": 5.335806194501846
              },
              {
                "x": 14.443063937629153,
                "y": 5.335806194501846
              }
            ],
            "length": 8.346531968814578
          },
          {
            "id": "corridor_ring_1_top",
            "type": "main_corridor",
            "width": 1.5,
            "path": [
              {
                "x": 6.096531968814577,
                "y": 12.921612389003691
              },
              {
                "x": 14.443063937629153,
                "y": 12.921612389003691
              }
            ],
            "length": 8.346531968814578
          },
          {
            "id": "corridor_ring_1_left",
            "type": "main_corridor",
            "width": 1.5,
            "path": [
              {
                "x": 6.096531968814577,
                "y": 5.335806194501846
              },
              {
                "x": 6.096531968814577,
                "y": 12.921612389003691
              }
            ],
            "length": 7.585806194501846
          },
          {
            "id": "corridor_ring_1_right",
            "type": "main_corridor",
            "width": 1.5,
            "path": [
              {
                "x": 14.443063937629153,
                "y": 5.335806194501846
              },
              {
                "x": 14.443063937629153,
                "y": 12.921612389003691
              }
            ],
            "length": 7.585806194501846
          },
          {
            "id": "corridor_secondary_1_1",
            "type": "secondary_corridor",
            "width": 1.2000000000000002,
            "path": [
              {
                "x": 6.846531968814577,
                "y": 0
              },
              {
                "x": 6.846531968814577,
                "y": 18.257418583505537
              }
            ],
            "length": 18.257418583505537
          },
          {
            "id": "corridor_secondary_1_2",
            "type": "secondary_corridor",
            "width": 1.2000000000000002,
            "path": [
              {
                "x": 13.693063937629153,
                "y": 0
              },
              {
                "x": 13.693063937629153,
                "y": 18.257418583505537
              }
            ],
            "length": 18.257418583505537
          },
          {
            "id": "corridor_secondary_1_3",
            "type": "secondary_corridor",
            "width": 1.2000000000000002,
            "path": [
              {
                "x": 20.53959590644373,
                "y": 0
              },
              {
                "x": 20.53959590644373,
                "y": 18.257418583505537
              }
            ],
            "length": 18.257418583505537
          }
        ],
        "grid_x": [
          0.0,
          6.846531968814577,
          13.693063937629153,
          20.53959590644373,
          27.386127875258307
        ],
        "grid_y": [
          0.0,
          6.085806194501846,
          12.171612389003691,
          18.257418583505537
        ]
      }
    ],
    "facades": {
      "facades": {
        "north": {
          "orientation": "north",
          "width": 27.386127875258307,
          "height": 7.2,
          "window_wall_ratio": 0.4,
          "grid_module": 1.5,
          "spandrel_height": 0.9,
          "vision_glass_height": 2.4000000000000004,
          "mullion_width": 0.05
        },
        "south": {
          "orientation": "south",
          "width": 27.386127875258307,
          "height": 7.2,
          "window_wall_ratio": 0.25,
          "grid_module": 1.5,
          "spandrel_height": 0.9,
          "vision_glass_height": 2.4000000000000004,
          "mullion_width": 0.05
        },
        "east": {
          "orientation": "east",
          "width": 18.257418583505537,
          "height": 7.2,
          "window_wall_ratio": 0.2,
          "grid_module": 1.5,
          "spandrel_height": 0.9,
          "vision_glass_height": 2.4000000000000004,
          "mullion_width": 0.05
        },
        "west": {
          "orientation": "west",
          "width": 18.257418583505537,
          "height": 7.2,
          "window_wall_ratio": 0.2,
          "grid_module": 1.5,
          "spandrel_height": 0.9,
          "vision_glass_height": 2.4000000000000004,
          "mullion_width": 0.05
        }
      },
      "materials": {
        "primary": "high_performance_glass",
        "secondary": "aluminum_composite",
        "accent": "stone_cladding",
        "glass_type": "double_glazed_low_e",
        "u_value": 1.8,
        "shgc": 0.25
      },
      "openings": [
        {
          "id": "opening_0_north_0",
          "floor": 0,
          "orientation": "north",
          "position_z": 0.9,
          "width": 1.4,
          "height": 2.1,
          "type": "vision_glass"
        },
        {
          "id": "opening_0_north_1",
          "floor": 0,
          "orientation": "north",
          "position_z": 0.9,
          "width": 1.4,
          "height": 2.1,
          "type": "vision_glass"
        },
        {
          "id": "opening_0_north_2",
          "floor": 0,
          "orientation": "north",
          "position_z": 0.9,
          "width": 1.4,
          "height": 2.1,
          "type": "vision_glass"
        },
        {
          "id": "opening_0_north_3",
          "floor": 0,
          "orientation": "north",
          "position_z": 0.9,
          "width": 1.4,
          "height": 2.1,
          "type": "vision_glass"
        },
        {
          "id": "opening_0_north_4",
          "floor": 0,
          "orientation": "north",
          "position_z": 0.9,
          "width": 1.4,
          "height": 2.1,
          "type": "vision_glass"
        },
        {
          "id": "opening_0_north_5",
          "floor": 0,
          "orientation": "north",
          "position_z": 0.9,
          "width": 1.4,
          "height": 2.1,
          "type": "vision_glass"
        },
        {
          "id": "opening_0_north_6",
          "floor": 0,
          "orientation": "north",
          "position_z": 0.9,
          "width": 1.4,
          "height": 2.1,
          "type": "vision_glass"
        },
        {
          "id": "opening_0_north_7",
          "floor": 0,
          "orientation": "north",
          "position_z": 0.9,
          "width": 1.4,
          "height": 2.1,
          "type": "vision_glass"
        },
        {
          "id": "opening_0_north_8",
          "floor": 0,
          "orientation": "north",
          "position_z": 0.9,
          "width": 1.4,
          "height": 2.1,
          "type": "vision_glass"
        },
        {
          "id": "opening_0_north_9",
          "floor": 0,
          "orientation": "north",
          "position_z": 0.9,
          "width": 1.4,
          "height": 2.1,
          "type": "vision_glass"
        },
        {
          "id": "opening_0_north_10",
          "floor": 0,
          "orientation": "north",
          "position_z": 0.9,
          "width": 1.4,
          "height": 2.1,
          "type": "vision_glass"
        },
        {
          "id": "opening_0_north_11",
          "floor": 0,
          "orientation": "north",
          "position_z": 0.9,
          "width": 1.4,
          "height": 2.1,
          "type": "vision_glass"
        },
        {
          "id": "opening_0_north_12",
          "floor": 0,
          "orientation": "north",
          "position_z": 0.9,
          "width": 1.4,
          "height": 2.1,
          "type": "vision_glass"
        },
        {
          "id": "opening_0_north_13",
          "floor": 0,
          "orientation": "north",
          "position_z": 0.9,
          "width": 1.4,
          "height": 2.1,
          "type": "vision_glass"
        },
        {
          "id": "opening_0_north_14",
          "floor": 0,
          "orientation": "north",
          "position_z": 0.9,
          "width": 1.4,
          "height": 2.1,
          "type": "vision_glass"
        },
        {
          "id": "opening_0_north_15",
          "floor": 0,
          "orientation": "north",
          "position_z": 0.9,
          "width": 1.4,
          "height": 2.1,
          "type": "vision_glass"
        },
        {
          "id": "opening_0_north_16",
          "floor": 0,
          "orientation": "north",
          "position_z": 0.9,
          "width": 1.4,
          "height": 2.1,
          "type": "vision_glass"
        },
        {
          "id": "opening_0_north_17",
          "floor": 0,
          "orientation": "north",
          "position_z": 0.9,
          "width": 1.4,
          "height": 2.1,
          "type": "vision_glass"
        },
        {
          "id": "opening_0_south_0",
          "floor": 0,
          "orientation": "south",
          "position_z": 0.9,
          "width": 1.4,
          "height": 2.1,
          "type": "vision_glass"
        },
        {
          "id": "opening_0_south_1",
          "floor": 0,
          "orientation": "south",
          "position_z": 0.9,
          "width": 1.4,
          "height": 2.1,
          "type": "vision_glass"
        },
        {
          "id": "opening_0_south_2",
          "floor": 0,
          "orientation": "south",
          "position_z": 0.9,
          "width": 1.4,
          "height": 2.1,
          "type": "vision_glass"
        },
        {
          "id": "opening_0_south_3",
          "floor": 0,
          "orientation": "south",
          "position_z": 0.9,
          "width": 1.4,
          "height": 2.1,
          "type": "vision_glass"
        },
        {
          "id": "opening_0_south_4",
          "floor": 0,
          "orientation": "south",
          "position_z": 0.9,
          "width": 1.4,
          "height": 2.1,
          "type": "vision_glass"
        },
        {
          "id": "opening_0_south_5",
          "floor": 0,
          "orientation": "south",
          "position_z": 0.9,
          "width": 1.4,
          "height": 2.1,
          "type": "vision_glass"
        },
        {
          "id": "opening_0_south_6",
          "floor": 0,
          "orientation": "south",
          "position_z": 0.9,
          "width": 1.4,
          "height": 2.1,
          "type": "vision_glass"
        },
        {
          "id": "opening_0_south_7",
          "floor": 0,
          "orientation": "south",
          "position_z": 0.9,
          "width": 1.4,
          "height": 2.1,
          "type": "vision_glass"
        },
        {
          "id": "opening_0_south_8",
          "floor": 0,
          "orientation": "south",
          "position_z": 0.9,
          "width": 1.4,
          "height": 2.1,
          "type": "vision_glass"
        },
        {
          "id": "opening_0_south_9",
          "floor": 0,
          "orientation": "south",
          "position_z": 0.9,
          "width": 1.4,
          "height": 2.1,
          "type": "vision_glass"
        },
        {
          "id": "opening_0_south_10",
          "floor": 0,
          "orientation": "south",
          "position_z": 0.9,
          "width": 1.4,
          "height": 2.1,
          "type": "vision_glass"
        },
        {
          "id": "opening_0_south_11",
          "floor": 0,
          "orientation": "south",
          "position_z": 0.9,
          "width": 1.4,
          "height": 2.1,
          "type": "vision_glass"
        },
        {
          "id": "opening_0_south_12",
          "floor": 0,
          "orientation": "south",
          "position_z": 0.9,
          "width": 1.4,
          "height": 2.1,
          "type": "vision_glass"
        },
        {
          "id": "opening_0_south_13",
          "floor": 0,
          "orientation": "south",
          "position_z": 0.9,
          "width": 1.4,
          "height": 2.1,
          "type": "vision_glass"
        },
        {
          "id": "opening_0_south_14",
          "floor": 0,
          "orientation": "south",
          "position_z": 0.9,
          "width": 1.4,
          "height": 2.1,
          "type": "vision_glass"
        },
        {
          "id": "opening_0_south_15",
          "floor": 0,
          "orientation": "south",
          "position_z": 0.9,
          "width": 1.4,
          "height": 2.1,
          "type": "vision_glass"
        },
        {
          "id": "opening_0_south_16",
          "floor": 0,
          "orientation": "south",
          "position_z": 0.9,
          "width": 1.4,
          "height": 2.1,
          "type": "vision_glass"
        },
        {
          "id": "opening_0_south_17",
          "floor": 0,
          "orientation": "south",
          "position_z": 0.9,
          "width": 1.4,
          "height": 2.1,
          "type": "vision_glass"
        },
        {
          "id": "opening_0_east_0",
          "floor": 0,
          "orientation": "east",
          "position_z": 0.9,
          "width": 1.4,
          "height": 2.1,
          "type": "vision_glass"
        },
        {
          "id": "opening_0_east_1",
          "floor": 0,
          "orientation": "east",
          "position_z": 0.9,
          "width": 1.4,
          "height": 2.1,
          "type": "vision_glass"
        },
        {
          "id": "opening_0_east_2",
          "floor": 0,
          "orientation": "east",
          "position_z": 0.9,
          "width": 1.4,
          "height": 2.1,
          "type": "vision_glass"
        },
        {
          "id": "opening_0_east_3",
          "floor": 0,
          "orientation": "east",
          "position_z": 0.9,
          "width": 1.4,
          "height": 2.1,
          "type": "vision_glass"
        },
        {
          "id": "opening_0_east_4",
          "floor": 0,
          "orientation": "east",
          "position_z": 0.9,
          "width": 1.4,
          "height": 2.1,
          "type": "vision_glass"
        },
        {
          "id": "opening_0_east_5",
          "floor": 0,
          "orientation": "east",
          "position_z": 0.9,
          "width": 1.4,
          "height": 2.1,
          "type": "vision_glass"
        },
        {
          "id": "opening_0_east_6",
          "floor": 0,
          "orientation": "east",
          "position_z": 0.9,
          "width": 1.4,
          "height": 2.1,
          "type": "vision_glass"
        },
        {
          "id": "opening_0_east_7",
          "floor": 0,
          "orientation": "east",
          "position_z": 0.9,
          "width": 1.4,
          "height": 2.1,
          "type": "vision_glass"
        },
        {
          "id": "opening_0_east_8",
          "floor": 0,
          "orientation": "east",
          "position_z": 0.9,
          "width": 1.4,
          "height": 2.1,
          "type": "vision_glass"
        },
        {
          "id": "opening_0_east_9",
          "floor": 0,
          "orientation": "east",
          "position_z": 0.9,
          "width": 1.4,
          "height": 2.1,
          "type": "vision_glass"
        },
        {
          "id": "opening_0_east_10",
          "floor": 0,
          "orientation": "east",
          "position_z": 0.9,
          "width": 1.4,
          "height": 2.1,
          "type": "vision_glass"
        },
        {
          "id": "opening_0_east_11",
          "floor": 0,
          "orientation": "east",
          "position_z": 0.9,
          "width": 1.4,
          "height": 2.1,
          "type": "vision_glass"
        },
        {
          "id": "opening_0_west_0",
          "floor": 0,
          "orientation": "west",
          "position_z": 0.9,
          "width": 1.4,
          "height": 2.1,
          "type": "vision_glass"
        },
        {
          "id": "opening_0_west_1",
          "floor": 0,
          "orientation": "west",
          "position_z": 0.9,
          "width": 1.4,
          "height": 2.1,
          "type": "vision_glass"
        },
        {
          "id": "opening_0_west_2",
          "floor": 0,
          "orientation": "west",
          "position_z": 0.9,
          "width": 1.4,
          "height": 2.1,
          "type": "vision_glass"
        },
        {
          "id": "opening_0_west_3",
          "floor": 0,
          "orientation": "west",
          "position_z": 0.9,
          "width": 1.4,
          "height": 2.1,
          "type": "vision_glass"
        },
        {
          "id": "opening_0_west_4",
          "floor": 0,
          "orientation": "west",
          "position_z": 0.9,
          "width": 1.4,
          "height": 2.1,
          "type": "vision_glass"
        },
        {
          "id": "opening_0_west_5",
          "floor": 0,
          "orientation": "west",
          "position_z": 0.9,
          "width": 1.4,
          "height": 2.1,
          "type": "vision_glass"
        },
        {
          "id": "opening_0_west_6",
          "floor": 0,
          "orientation": "west",
          "position_z": 0.9,
          "width": 1.4,
          "height": 2.1,
          "type": "vision_glass"
        },
        {
          "id": "opening_0_west_7",
          "floor": 0,
          "orientation": "west",
          "position_z": 0.9,
          "width": 1.4,
          "height": 2.1,
          "type": "vision_glass"
        },
        {
          "id": "opening_0_west_8",
          "floor": 0,
          "orientation": "west",
          "position_z": 0.9,
          "width": 1.4,
          "height": 2.1,
          "type": "vision_glass"
        },
        {
          "id": "opening_0_west_9",
          "floor": 0,
          "orientation": "west",
          "position_z": 0.9,
          "width": 1.4,
          "height": 2.1,
          "type": "vision_glass"
        },
        {
          "id": "opening_0_west_10",
          "floor": 0,
          "orientation": "west",
          "position_z": 0.9,
          "width": 1.4,
          "height": 2.1,
          "type": "vision_glass"
        },
        {
          "id": "opening_0_west_11",
          "floor": 0,
          "orientation": "west",
          "position_z": 0.9,
          "width": 1.4,
          "height": 2.1,
          "type": "vision_glass"
        },
        {
          "id": "opening_1_north_0",
          "floor": 1,
          "orientation": "north",
          "position_z": 4.5,
          "width": 1.4,
          "height": 2.1,
          "type": "vision_glass"
        },
        {
          "id": "opening_1_north_1",
          "floor": 1,
          "orientation": "north",
          "position_z": 4.5,
          "width": 1.4,
          "height": 2.1,
          "type": "vision_glass"
        },
        {
          "id": "opening_1_north_2",
          "floor": 1,
          "orientation": "north",
          "position_z": 4.5,
          "width": 1.4,
          "height": 2.1,
          "type": "vision_glass"
        },
        {
          "id": "opening_1_north_3",
          "floor": 1,
          "orientation": "north",
          "position_z": 4.5,
          "width": 1.4,
          "height": 2.1,
          "type": "vision_glass"
        },
        {
          "id": "opening_1_north_4",
          "floor": 1,
          "orientation": "north",
          "position_z": 4.5,
          "width": 1.4,
          "height": 2.1,
          "type": "vision_glass"
        },
        {
          "id": "opening_1_north_5",
          "floor": 1,
          "orientation": "north",
          "position_z": 4.5,
          "width": 1.4,
          "height": 2.1,
          "type": "vision_glass"
        },
        {
          "id": "opening_1_north_6",
          "floor": 1,
          "orientation": "north",
          "position_z": 4.5,
          "width": 1.4,
          "height": 2.1,
          "type": "vision_glass"
        },
        {
          "id": "opening_1_north_7",
          "floor": 1,
          "orientation": "north",
          "position_z": 4.5,
          "width": 1.4,
          "height": 2.1,
          "type": "vision_glass"
        },
        {
          "id": "opening_1_north_8",
          "floor": 1,
          "orientation": "north",
          "position_z": 4.5,
          "width": 1.4,
          "height": 2.1,
          "type": "vision_glass"
        },
        {
          "id": "opening_1_north_9",
          "floor": 1,
          "orientation": "north",
          "position_z": 4.5,
          "width": 1.4,
          "height": 2.1,
          "type": "vision_glass"
        },
        {
          "id": "opening_1_north_10",
          "floor": 1,
          "orientation": "north",
          "position_z": 4.5,
          "width": 1.4,
          "height": 2.1,
          "type": "vision_glass"
        },
        {
          "id": "opening_1_north_11",
          "floor": 1,
          "orientation": "north",
          "position_z": 4.5,
          "width": 1.4,
          "height": 2.1,
          "type": "vision_glass"
        },
        {
          "id": "opening_1_north_12",
          "floor": 1,
          "orientation": "north",
          "position_z": 4.5,
          "width": 1.4,
          "height": 2.1,
          "type": "vision_glass"
        },
        {
          "id": "opening_1_north_13",
          "floor": 1,
          "orientation": "north",
          "position_z": 4.5,
          "width": 1.4,
          "height": 2.1,
          "type": "vision_glass"
        },
        {
          "id": "opening_1_north_14",
          "floor": 1,
          "orientation": "north",
          "position_z": 4.5,
          "width": 1.4,
          "height": 2.1,
          "type": "vision_glass"
        },
        {
          "id": "opening_1_north_15",
          "floor": 1,
          "orientation": "north",
          "position_z": 4.5,
          "width": 1.4,
          "height": 2.1,
          "type": "vision_glass"
        },
        {
          "id": "opening_1_north_16",
          "floor": 1,
          "orientation": "north",
          "position_z": 4.5,
          "width": 1.4,
          "height": 2.1,
          "type": "vision_glass"
        },
        {
          "id": "opening_1_north_17",
          "floor": 1,
          "orientation": "north",
          "position_z": 4.5,
          "width": 1.4,
          "height": 2.1,
          "type": "vision_glass"
        },
        {
          "id": "opening_1_south_0",
          "floor": 1,
          "orientation": "south",
          "position_z": 4.5,
          "width": 1.4,
          "height": 2.1,
          "type": "vision_glass"
        },
        {
          "id": "opening_1_south_1",
          "floor": 1,
          "orientation": "south",
          "position_z": 4.5,
          "width": 1.4,
          "height": 2.1,
          "type": "vision_glass"
        },
        {
          "id": "opening_1_south_2",
          "floor": 1,
          "orientation": "south",
          "position_z": 4.5,
          "width": 1.4,
          "height": 2.1,
          "type": "vision_glass"
        },
        {
          "id": "opening_1_south_3",
          "floor": 1,
          "orientation": "south",
          "position_z": 4.5,
          "width": 1.4,
          "height": 2.1,
          "type": "vision_glass"
        },
        {
          "id": "opening_1_south_4",
          "floor": 1,
          "orientation": "south",
          "position_z": 4.5,
          "width": 1.4,
          "height": 2.1,
          "type": "vision_glass"
        },
        {
          "id": "opening_1_south_5",
          "floor": 1,
          "orientation": "south",
          "position_z": 4.5,
          "width": 1.4,
          "height": 2.1,
          "type": "vision_glass"
        },
        {
          "id": "opening_1_south_6",
          "floor": 1,
          "orientation": "south",
          "position_z": 4.5,
          "width": 1.4,
          "height": 2.1,
          "type": "vision_glass"
        },
        {
          "id": "opening_1_south_7",
          "floor": 1,
          "orientation": "south",
          "position_z": 4.5,
          "width": 1.4,
          "height": 2.1,
          "type": "vision_glass"
        },
        {
          "id": "opening_1_south_8",
          "floor": 1,
          "orientation": "south",
          "position_z": 4.5,
          "width": 1.4,
          "height": 2.1,
          "type": "vision_glass"
        },
        {
          "id": "opening_1_south_9",
          "floor": 1,
          "orientation": "south",
          "position_z": 4.5,
          "width": 1.4,
          "height": 2.1,
          "type": "vision_glass"
        },
        {
          "id": "opening_1_south_10",
          "floor": 1,
          "orientation": "south",
          "position_z": 4.5,
          "width": 1.4,
          "height": 2.1,
          "type": "vision_glass"
        },
        {
          "id": "opening_1_south_11",
          "floor": 1,
          "orientation": "south",
          "position_z": 4.5,
          "width": 1.4,
          "height": 2.1,
          "type": "vision_glass"
        },
        {
          "id": "opening_1_south_12",
          "floor": 1,
          "orientation": "south",
          "position_z": 4.5,
          "width": 1.4,
          "height": 2.1,
          "type": "vision_glass"
        },
        {
          "id": "opening_1_south_13",
          "floor": 1,
          "orientation": "south",
          "position_z": 4.5,
          "width": 1.4,
          "height": 2.1,
          "type": "vision_glass"
        },
        {
          "id": "opening_1_south_14",
          "floor": 1,
          "orientation": "south",
          "position_z": 4.5,
          "width": 1.4,
          "height": 2.1,
          "type": "vision_glass"
        },
        {
          "id": "opening_1_south_15",
          "floor": 1,
          "orientation": "south",
          "position_z": 4.5,
          "width": 1.4,
          "height": 2.1,
          "type": "vision_glass"
        },
        {
          "id": "opening_1_south_16",
          "floor": 1,
          "orientation": "south",
          "position_z": 4.5,
          "width": 1.4,
          "height": 2.1,
          "type": "vision_glass"
        },
        {
          "id": "opening_1_south_17",
          "floor": 1,
          "orientation": "south",
          "position_z": 4.5,
          "width": 1.4,
          "height": 2.1,
          "type": "vision_glass"
        },
        {
          "id": "opening_1_east_0",
          "floor": 1,
          "orientation": "east",
          "position_z": 4.5,
          "width": 1.4,
          "height": 2.1,
          "type": "vision_glass"
        },
        {
          "id": "opening_1_east_1",
          "floor": 1,
          "orientation": "east",
          "position_z": 4.5,
          "width": 1.4,
          "height": 2.1,
          "type": "vision_glass"
        },
        {
          "id": "opening_1_east_2",
          "floor": 1,
          "orientation": "east",
          "position_z": 4.5,
          "width": 1.4,
          "height": 2.1,
          "type": "vision_glass"
        },
        {
          "id": "opening_1_east_3",
          "floor": 1,
          "orientation": "east",
          "position_z": 4.5,
          "width": 1.4,
          "height": 2.1,
          "type": "vision_glass"
        },
        {
          "id": "opening_1_east_4",
          "floor": 1,
          "orientation": "east",
          "position_z": 4.5,
          "width": 1.4,
          "height": 2.1,
          "type": "vision_glass"
        },
        {
          "id": "opening_1_east_5",
          "floor": 1,
          "orientation": "east",
          "position_z": 4.5,
          "width": 1.4,
          "height": 2.1,
          "type": "vision_glass"
        },
        {
          "id": "opening_1_east_6",
          "floor": 1,
          "orientation": "east",
          "position_z": 4.5,
          "width": 1.4,
          "height": 2.1,
          "type": "vision_glass"
        },
        {
          "id": "opening_1_east_7",
          "floor": 1,
          "orientation": "east",
          "position_z": 4.5,
          "width": 1.4,
          "height": 2.1,
          "type": "vision_glass"
        },
        {
          "id": "opening_1_east_8",
          "floor": 1,
          "orientation": "east",
          "position_z": 4.5,
          "width": 1.4,
          "height": 2.1,
          "type": "vision_glass"
        },
        {
          "id": "opening_1_east_9",
          "floor": 1,
          "orientation": "east",
          "position_z": 4.5,
          "width": 1.4,
          "height": 2.1,
          "type": "vision_glass"
        },
        {
          "id": "opening_1_east_10",
          "floor": 1,
          "orientation": "east",
          "position_z": 4.5,
          "width": 1.4,
          "height": 2.1,
          "type": "vision_glass"
        },
        {
          "id": "opening_1_east_11",
          "floor": 1,
          "orientation": "east",
          "position_z": 4.5,
          "width": 1.4,
          "height": 2.1,
          "type": "vision_glass"
        },
        {
          "id": "opening_1_west_0",
          "floor": 1,
          "orientation": "west",
          "position_z": 4.5,
          "width": 1.4,
          "height": 2.1,
          "type": "vision_glass"
        },
        {
          "id": "opening_1_west_1",
          "floor": 1,
          "orientation": "west",
          "position_z": 4.5,
          "width": 1.4,
          "height": 2.1,
          "type": "vision_glass"
        },
        {
          "id": "opening_1_west_2",
          "floor": 1,
          "orientation": "west",
          "position_z": 4.5,
          "width": 1.4,
          "height": 2.1,
          "type": "vision_glass"
        },
        {
          "id": "opening_1_west_3",
          "floor": 1,
          "orientation": "west",
          "position_z": 4.5,
          "width": 1.4,
          "height": 2.1,
          "type": "vision_glass"
        },
        {
          "id": "opening_1_west_4",
          "floor": 1,
          "orientation": "west",
          "position_z": 4.5,
          "width": 1.4,
          "height": 2.1,
          "type": "vision_glass"
        },
        {
          "id": "opening_1_west_5",
          "floor": 1,
          "orientation": "west",
          "position_z": 4.5,
          "width": 1.4,
          "height": 2.1,
          "type": "vision_glass"
        },
        {
          "id": "opening_1_west_6",
          "floor": 1,
          "orientation": "west",
          "position_z": 4.5,
          "width": 1.4,
          "height": 2.1,
          "type": "vision_glass"
        },
        {
          "id": "opening_1_west_7",
          "floor": 1,
          "orientation": "west",
          "position_z": 4.5,
          "width": 1.4,
          "height": 2.1,
          "type": "vision_glass"
        },
        {
          "id": "opening_1_west_8",
          "floor": 1,
          "orientation": "west",
          "position_z": 4.5,
          "width": 1.4,
          "height": 2.1,
          "type": "vision_glass"
        },
        {
          "id": "opening_1_west_9",
          "floor": 1,
          "orientation": "west",
          "position_z": 4.5,
          "width": 1.4,
          "height": 2.1,
          "type": "vision_glass"
        },
        {
          "id": "opening_1_west_10",
          "floor": 1,
          "orientation": "west",
          "position_z": 4.5,
          "width": 1.4,
          "height": 2.1,
          "type": "vision_glass"
        },
        {
          "id": "opening_1_west_11",
          "floor": 1,
          "orientation": "west",
          "position_z": 4.5,
          "width": 1.4,
          "height": 2.1,
          "type": "vision_glass"
        }
      ],
      "shading": {
        "type": "external_louvers",
        "material": "aluminum",
        "south": {
          "projection": 1.2,
          "spacing": 0.3,
          "angle": 45
        },
        "east": {
          "projection": 0.8,
          "spacing": 0.3,
          "angle": 30
        },
        "west": {
          "projection": 0.8,
          "spacing": 0.3,
          "angle": 30
        },
        "north": null
      }
    },
    "spaces": [
      {
        "id": "corridor_bottom_0",
        "name": "corridor_0_bottom",
        "type": "corridor",
        "area": 111.9372989495272,
        "requires_daylight": false,
        "has_window": true,
        "bounds": {
          "min_x": 0.5,
          "max_x": 20.53959590644373,
          "min_y": 0.5,
          "max_y": 6.085806194501846
        }
      },
      {
        "id": "corridor_top_0",
        "name": "corridor_0_top",
        "type": "corridor",
        "area": 111.9372989495272,
        "requires_daylight": false,
        "has_window": true,
        "bounds": {
          "min_x": 0.5,
          "max_x": 20.53959590644373,
          "min_y": 12.171612389003691,
          "max_y": 17.757418583505537
        }
      },
      {
        "id": "corridor_left_0",
        "name": "corridor_0_left",
        "type": "corridor",
        "area": 38.62376356941574,
        "requires_daylight": false,
        "has_window": true,
        "bounds": {
          "min_x": 0.5,
          "max_x": 6.846531968814577,
          "min_y": 6.085806194501846,
          "max_y": 12.171612389003691
        }
      },
      {
        "id": "corridor_right_0",
        "name": "corridor_0_right",
        "type": "corridor",
        "area": 41.666666666666664,
        "requires_daylight": false,
        "has_window": false,
        "bounds": {
          "min_x": 13.693063937629153,
          "max_x": 20.53959590644373,
          "min_y": 6.085806194501846,
          "max_y": 12.171612389003691
        }
      },
      {
        "id": "unit_e_0_0",
        "name": "unit_e_1",
        "type": "apartment",
        "area": 35.45049758500846,
        "requires_daylight": true,
        "has_window": true,
        "bounds": {
          "min_x": 20.53959590644373,
          "max_x": 26.886127875258307,
          "min_y": 0.5,
          "max_y": 6.085806194501846
        }
      },
      {
        "id": "unit_e_0_1",
        "name": "unit_e_2",
        "type": "apartment",
        "area": 38.62376356941575,
        "requires_daylight": true,
        "has_window": true,
        "bounds": {
          "min_x": 20.53959590644373,
          "max_x": 26.886127875258307,
          "min_y": 6.085806194501846,
          "max_y": 12.171612389003691
        }
      },
      {
        "id": "unit_e_0_2",
        "name": "unit_e_3",
        "type": "apartment",
        "area": 35.45049758500846,
        "requires_daylight": true,
        "has_window": true,
        "bounds": {
          "min_x": 20.53959590644373,
          "max_x": 26.886127875258307,
          "min_y": 12.171612389003691,
          "max_y": 17.757418583505537
        }
      },
      {
        "id": "corridor_bottom_1",
        "name": "corridor_1_bottom",
        "type": "corridor",
        "area": 111.9372989495272,
        "requires_daylight": false,
        "has_window": true,
        "bounds": {
          "min_x": 0.5,
          "max_x": 20.53959590644373,
          "min_y": 0.5,
          "max_y": 6.085806194501846
        }
      },
      {
        "id": "corridor_top_1",
        "name": "corridor_1_top",
        "type": "corridor",
        "area": 111.9372989495272,
        "requires_daylight": false,
        "has_window": true,
        "bounds": {
          "min_x": 0.5,
          "max_x": 20.53959590644373,
          "min_y": 12.171612389003691,
          "max_y": 17.757418583505537
        }
      },
      {
        "id": "corridor_left_1",
        "name": "corridor_1_left",
        "type": "corridor",
        "area": 38.62376356941574,
        "requires_daylight": false,
        "has_window": true,
        "bounds": {
          "min_x": 0.5,
          "max_x": 6.846531968814577,
          "min_y": 6.085806194501846,
          "max_y": 12.171612389003691
        }
      },
      {
        "id": "corridor_right_1",
        "name": "corridor_1_right",
        "type": "corridor",
        "area": 41.666666666666664,
        "requires_daylight": false,
        "has_window": false,
        "bounds": {
          "min_x": 13.693063937629153,
          "max_x": 20.53959590644373,
          "min_y": 6.085806194501846,
          "max_y": 12.171612389003691
        }
      },
      {
        "id": "unit_e_1_0",
        "name": "unit_e_1",
        "type": "apartment",
        "area": 35.45049758500846,
        "requires_daylight": true,
        "has_window": true,
        "bounds": {
          "min_x": 20.53959590644373,
          "max_x": 26.886127875258307,
          "min_y": 0.5,
          "max_y": 6.085806194501846
        }
      },
      {
        "id": "unit_e_1_1",
        "name": "unit_e_2",
        "type": "apartment",
        "area": 38.62376356941575,
        "requires_daylight": true,
        "has_window": true,
        "bounds": {
          "min_x": 20.53959590644373,
          "max_x": 26.886127875258307,
          "min_y": 6.085806194501846,
          "max_y": 12.171612389003691
        }
      },
      {
        "id": "unit_e_1_2",
        "name": "unit_e_3",
        "type": "apartment",
        "area": 35.45049758500846,
        "requires_daylight": true,
        "has_window": true,
        "bounds": {
          "min_x": 20.53959590644373,
          "max_x": 26.886127875258307,
          "min_y": 12.171612389003691,
          "max_y": 17.757418583505537
        }
      }
    ],
    "circulation": [
      {
        "id": "corridor_ring_0_bottom",
        "type": "main_corridor",
        "width": 1.5,
        "path": [
          {
            "x": 6.096531968814577,
            "y": 5.335806194501846
          },
          {
            "x": 14.443063937629153,
            "y": 5.335806194501846
          }
        ],
        "length": 8.346531968814578
      },
      {
        "id": "corridor_ring_0_top",
        "type": "main_corridor",
        "width": 1.5,
        "path": [
          {
            "x": 6.096531968814577,
            "y": 12.921612389003691
          },
          {
            "x": 14.443063937629153,
            "y": 12.921612389003691
          }
        ],
        "length": 8.346531968814578
      },
      {
        "id": "corridor_ring_0_left",
        "type": "main_corridor",
        "width": 1.5,
        "path": [
          {
            "x": 6.096531968814577,
            "y": 5.335806194501846
          },
          {
            "x": 6.096531968814577,
            "y": 12.921612389003691
          }
        ],
        "length": 7.585806194501846
      },
      {
        "id": "corridor_ring_0_right",
        "type": "main_corridor",
        "width": 1.5,
        "path": [
          {
            "x": 14.443063937629153,
            "y": 5.335806194501846
          },
          {
            "x": 14.443063937629153,
            "y": 12.921612389003691
          }
        ],
        "length": 7.585806194501846
      },
      {
        "id": "corridor_secondary_0_1",
        "type": "secondary_corridor",
        "width": 1.2000000000000002,
        "path": [
          {
            "x": 6.846531968814577,
            "y": 0
          },
          {
            "x": 6.846531968814577,
            "y": 18.257418583505537
          }
        ],
        "length": 18.257418583505537
      },
      {
        "id": "corridor_secondary_0_2",
        "type": "secondary_corridor",
        "width": 1.2000000000000002,
        "path": [
          {
            "x": 13.693063937629153,
            "y": 0
          },
          {
            "x": 13.693063937629153,
            "y": 18.257418583505537
          }
        ],
        "length": 18.257418583505537
      },
      {
        "id": "corridor_secondary_0_3",
        "type": "secondary_corridor",
        "width": 1.2000000000000002,
        "path": [
          {
            "x": 20.53959590644373,
            "y": 0
          },
          {
            "x": 20.53959590644373,
            "y": 18.257418583505537
          }
        ],
        "length": 18.257418583505537
      },
      {
        "id": "corridor_ring_1_bottom",
        "type": "main_corridor",
        "width": 1.5,
        "path": [
          {
            "x": 6.096531968814577,
            "y": 5.335806194501846
          },
          {
            "x": 14.443063937629153,
            "y": 5.335806194501846
          }
        ],
        "length": 8.346531968814578
      },
      {
        "id": "corridor_ring_1_top",
        "type": "main_corridor",
        "width": 1.5,
        "path": [
          {
            "x": 6.096531968814577,
            "y": 12.921612389003691
          },
          {
            "x": 14.443063937629153,
            "y": 12.921612389003691
          }
        ],
        "length": 8.346531968814578
      },
      {
        "id": "corridor_ring_1_left",
        "type": "main_corridor",
        "width": 1.5,
        "path": [
          {
            "x": 6.096531968814577,
            "y": 5.335806194501846
          },
          {
            "x": 6.096531968814577,
            "y": 12.921612389003691
          }
        ],
        "length": 7.585806194501846
      },
      {
        "id": "corridor_ring_1_right",
        "type": "main_corridor",
        "width": 1.5,
        "path": [
          {
            "x": 14.443063937629153,
            "y": 5.335806194501846
          },
          {
            "x": 14.443063937629153,
            "y": 12.921612389003691
          }
        ],
        "length": 7.585806194501846
      },
      {
        "id": "corridor_secondary_1_1",
        "type": "secondary_corridor",
        "width": 1.2000000000000002,
        "path": [
          {
            "x": 6.846531968814577,
            "y": 0
          },
          {
            "x": 6.846531968814577,
            "y": 18.257418583505537
          }
        ],
        "length": 18.257418583505537
      },
      {
        "id": "corridor_secondary_1_2",
        "type": "secondary_corridor",
        "width": 1.2000000000000002,
        "path": [
          {
            "x": 13.693063937629153,
            "y": 0
          },
          {
            "x": 13.693063937629153,
            "y": 18.257418583505537
          }
        ],
        "length": 18.257418583505537
      },
      {
        "id": "corridor_secondary_1_3",
        "type": "secondary_corridor",
        "width": 1.2000000000000002,
        "path": [
          {
            "x": 20.53959590644373,
            "y": 0
          },
          {
            "x": 20.53959590644373,
            "y": 18.257418583505537
          }
        ],
        "length": 18.257418583505537
      }
    ],
    "geometry": {
      "type": "mesh",
      "vertices": [
        [
          0,
          0,
          0
        ],
        [
          27.386127875258307,
          0,
          0
        ],
        [
          27.386127875258307,
          18.257418583505537,
          0
        ],
        [
          0,
          18.257418583505537,
          0
        ],
        [
          0,
          0,
          7.2
        ],
        [
          27.386127875258307,
          0,
          7.2
        ],
        [
          27.386127875258307,
          18.257418583505537,
          7.2
        ],
        [
          0,
          18.257418583505537,
          7.2
        ]
      ],
      "faces": [
        [
          0,
          1,
          2,
          3
        ],
        [
          4,
          5,
          6,
          7
        ],
        [
          0,
          1,
          5,
          4
        ],
        [
          2,
          3,
          7,
          6
        ],
        [
          0,
          3,
          7,
          4
        ],
        [
          1,
          2,
          6,
          5
        ]
      ],
      "bounds": {
        "min": [
          0,
          0,
          0
        ],
        "max": [
          27.386127875258307,
          18.257418583505537,
          7.2
        ]
      }
    },
    "metrics": {
      "gross_floor_area": 1000.0,
      "net_floor_area": 916.6666666666666,
      "core_area": 83.33333333333333,
      "efficiency_ratio": 91.66666666666666,
      "max_travel_distance": 13.693063937629153,
      "facade_area": 657.2670690061993,
      "floor_plate_area": 500.0,
      "building_volume": 3600.0
    }
  },
  "geometry": {
    "type": "mesh",
    "vertices": [
      [
        0,
        0,
        0
      ],
      [
        27.386127875258307,
        0,
        0
      ],
      [
        27.386127875258307,
        18.257418583505537,
        0
      ],
      [
        0,
        18.257418583505537,
        0
      ],
      [
        0,
        0,
        7.2
      ],
      [
        27.386127875258307,
        0,
        7.2
      ],
      [
        27.386127875258307,
        18.257418583505537,
        7.2
      ],
      [
        0,
        18.257418583505537,
        7.2
      ]
    ],
    "faces": [
      [
        0,
        1,
        2,
        3
      ],
      [
        4,
        5,
        6,
        7
      ],
      [
        0,
        1,
        5,
        4
      ],
      [
        2,
        3,
        7,
        6
      ],
      [
        0,
        3,
        7,
        4
      ],
      [
        1,
        2,
        6,
        5
      ]
    ],
    "bounds": {
      "min": [
        0,
        0,
        0
      ],
      "max": [
        27.386127875258307,
        18.257418583505537,
        7.2
      ]
    }
  },
  "metrics": {
    "gross_floor_area": 1000.0,
    "net_floor_area": 916.6666666666666,
    "core_area": 83.33333333333333,
    "efficiency_ratio": 91.66666666666666,
    "max_travel_distance": 13.693063937629153,
    "facade_area": 657.2670690061993,
    "floor_plate_area": 500.0,
    "building_volume": 3600.0
  },
  "decisions": [
    {
      "id": "architectural_0_1769330357",
      "decision": "analysis_complete",
      "reasoning": "Analyzed residential building with 1000.0m\u00b2 GFA",
      "confidence": 0.9,
      "timestamp": "2026-01-25T11:39:17.699603"
    },
    {
      "id": "architectural_1_1769330357",
      "decision": "analysis_complete",
      "reasoning": "Completed analysis with 5 requirements identified",
      "confidence": 0.8,
      "timestamp": "2026-01-25T11:39:17.699611"
    },
    {
      "id": "architectural_2_1769330357",
      "decision": "design_generated",
      "reasoning": "Generated 2 floor plans with rectangular massing",
      "confidence": 0.85,
      "timestamp": "2026-01-25T11:39:17.706736"
    },
    {
      "id": "architectural_3_1769330357",
      "decision": "design_generated",
      "reasoning": "Generated initial design with 0 elements",
      "confidence": 0.8,
      "timestamp": "2026-01-25T11:39:17.706747"
    },
    {
      "id": "architectural_4_1769330357",
      "decision": "validation_complete",
      "reasoning": "Validation failed with 6 issues",
      "confidence": 0.7,
      "timestamp": "2026-01-25T11:39:17.706840"
    }
  ],
  "conflicts": [],
  "warnings": [
    "Corridor corridor_secondary_0_1 width (1.2000000000000002m) below minimum (1.5m)",
    "Corridor corridor_secondary_0_2 width (1.2000000000000002m) below minimum (1.5m)",
    "Corridor corridor_secondary_0_3 width (1.2000000000000002m) below minimum (1.5m)",
    "Corridor corridor_secondary_1_1 width (1.2000000000000002m) below minimum (1.5m)",
    "Corridor corridor_secondary_1_2 width (1.2000000000000002m) below minimum (1.5m)",
    "Corridor corridor_secondary_1_3 width (1.2000000000000002m) below minimum (1.5m)"
  ],
  "execution_time": 0.303502,
  "created_at": "2026-01-25T11:39:17.706968"
}