[
  {
    "agent": "architectural",
    "decision": "analysis_complete",
    "reasoning": "Analyzed residential building with 1000.0m\u00b2 GFA",
    "confidence": 0.9,
    "timestamp": "2026-01-25T11:39:17.699603"
  },
  {
    "agent": "architectural",
    "decision": "analysis_complete",
    "reasoning": "Completed analysis with 5 requirements identified",
    "confidence": 0.8,
    "timestamp": "2026-01-25T11:39:17.699611"
  },
  {
    "agent": "architectural",
    "decision": "design_generated",
    "reasoning": "Generated 2 floor plans with rectangular massing",
    "confidence": 0.85,
    "timestamp": "2026-01-25T11:39:17.706736"
  },
  {
    "agent": "architectural",
    "decision": "design_generated",
    "reasoning": "Generated initial design with 0 elements",
    "confidence": 0.8,
    "timestamp": "2026-01-25T11:39:17.706747"
  },
  {
    "agent": "architectural",
    "decision": "validation_complete",
    "reasoning": "Validation failed with 6 issues",
    "confidence": 0.7,
    "timestamp": "2026-01-25T11:39:17.706840"
  },
  {
    "agent": "structural",
    "decision": "analysis_complete",
    "reasoning": "Analyzed 2-story structure with 6.846531968814578m spans",
    "confidence": 0.8,
    "timestamp": "2026-01-25T11:39:17.707070"
  },
  {
    "agent": "structural",
    "decision": "analysis_complete",
    "reasoning": "Completed analysis with 0 requirements identified",
    "confidence": 0.8,
    "timestamp": "2026-01-25T11:39:17.707076"
  },
  {
    "agent": "structural",
    "decision": "system_selected",
    "reasoning": "Selected flat_slab with concrete for 2-story residential. This system provides optimal balance of structural efficiency, architectural flexibility, and cost-effectiveness.",
    "confidence": 0.85,
    "timestamp": "2026-01-25T11:39:17.707140"
  },
  {
    "agent": "structural",
    "decision": "design_complete",
    "reasoning": "Designed flat_slab system with 20 columns, 62 beams",
    "confidence": 0.8,
    "timestamp": "2026-01-25T11:39:17.707451"
  },
  {
    "agent": "structural",
    "decision": "design_generated",
    "reasoning": "Generated initial design with 0 elements",
    "confidence": 0.8,
    "timestamp": "2026-01-25T11:39:17.707460"
  },
  {
    "agent": "mep",
    "decision": "analysis_complete",
    "reasoning": "Total cooling load: 54 kW for 14 zones",
    "confidence": 0.8,
    "timestamp": "2026-01-25T11:39:17.707714"
  },
  {
    "agent": "mep",
    "decision": "analysis_complete",
    "reasoning": "Completed analysis with 0 requirements identified",
    "confidence": 0.8,
    "timestamp": "2026-01-25T11:39:17.707719"
  },
  {
    "agent": "mep",
    "decision": "hvac_system_selected",
    "reasoning": "Selected fan_coil_unit system for 54 kW load",
    "confidence": 0.85,
    "timestamp": "2026-01-25T11:39:17.707746"
  },
  {
    "agent": "mep",
    "decision": "design_complete",
    "reasoning": "MEP design complete: 1 AHUs, 7 ducts, 4 risers",
    "confidence": 0.8,
    "timestamp": "2026-01-25T11:39:17.711427"
  },
  {
    "agent": "mep",
    "decision": "design_generated",
    "reasoning": "Generated initial design with 0 elements",
    "confidence": 0.8,
    "timestamp": "2026-01-25T11:39:17.711436"
  },
  {
    "agent": "mep",
    "decision": "design_optimized",
    "reasoning": "Optimized design for efficiency",
    "confidence": 0.8,
    "timestamp": "2026-01-25T11:39:17.711460"
  },
  {
    "agent": "interior",
    "decision": "analysis_complete",
    "reasoning": "Selected modern style with standard finish grade for 14 spaces",
    "confidence": 0.8,
    "timestamp": "2026-01-25T11:39:17.711689"
  },
  {
    "agent": "interior",
    "decision": "analysis_complete",
    "reasoning": "Completed analysis with 0 requirements identified",
    "confidence": 0.8,
    "timestamp": "2026-01-25T11:39:17.711697"
  },
  {
    "agent": "interior",
    "decision": "design_complete",
    "reasoning": "Interior design complete: 70 furniture items, 142 lighting fixtures",
    "confidence": 0.8,
    "timestamp": "2026-01-25T11:39:17.712137"
  },
  {
    "agent": "interior",
    "decision": "design_generated",
    "reasoning": "Generated initial design with 0 elements",
    "confidence": 0.8,
    "timestamp": "2026-01-25T11:39:17.712151"
  }
]