{
  "agent_name": "structural",
  "status": "completed",
  "design_data": {
    "system": "flat_slab",
    "material": "concrete",
    "grid": {
      "grid_x": [
        0.0,
        6.846531968814577,
        13.693063937629153,
        20.53959590644373,
        27.386127875258307
      ],
      "grid_y": [
        0.0,
        6.085806194501846,
        12.171612389003691,
        18.257418583505537
      ],
      "module_x": 6.846531968814577,
      "module_y": 6.085806194501846
    },
    "columns": [
      {
        "id": "C1",
        "position": {
          "x": 0.0,
          "y": 0.0
        },
        "base_level": 0,
        "top_level": 2,
        "width": 0.3,
        "depth": 0.3,
        "material": "concrete",
        "load": 31.992187500000007,
        "utilization": 0.022216796875000003
      },
      {
        "id": "C2",
        "position": {
          "x": 0.0,
          "y": 6.085806194501846
        },
        "base_level": 0,
        "top_level": 2,
        "width": 0.3,
        "depth": 0.3,
        "material": "concrete",
        "load": 31.992187500000007,
        "utilization": 0.022216796875000003
      },
      {
        "id": "C3",
        "position": {
          "x": 0.0,
          "y": 12.171612389003691
        },
        "base_level": 0,
        "top_level": 2,
        "width": 0.3,
        "depth": 0.3,
        "material": "concrete",
        "load": 31.992187500000007,
        "utilization": 0.022216796875000003
      },
      {
        "id": "C4",
        "position": {
          "x": 0.0,
          "y": 18.257418583505537
        },
        "base_level": 0,
        "top_level": 2,
        "width": 0.3,
        "depth": 0.3,
        "material": "concrete",
        "load": 31.992187500000007,
        "utilization": 0.022216796875000003
      },
      {
        "id": "C5",
        "position": {
          "x": 6.846531968814577,
          "y": 0.0
        },
        "base_level": 0,
        "top_level": 2,
        "width": 0.3,
        "depth": 0.3,
        "material": "concrete",
        "load": 31.992187500000007,
        "utilization": 0.022216796875000003
      },
      {
        "id": "C6",
        "position": {
          "x": 6.846531968814577,
          "y": 6.085806194501846
        },
        "base_level": 0,
        "top_level": 2,
        "width": 0.3,
        "depth": 0.3,
        "material": "concrete",
        "load": 45.703125000000014,
        "utilization": 0.03173828125000001
      },
      {
        "id": "C7",
        "position": {
          "x": 6.846531968814577,
          "y": 12.171612389003691
        },
        "base_level": 0,
        "top_level": 2,
        "width": 0.3,
        "depth": 0.3,
        "material": "concrete",
        "load": 45.703125000000014,
        "utilization": 0.03173828125000001
      },
      {
        "id": "C8",
        "position": {
          "x": 6.846531968814577,
          "y": 18.257418583505537
        },
        "base_level": 0,
        "top_level": 2,
        "width": 0.3,
        "depth": 0.3,
        "material": "concrete",
        "load": 31.992187500000007,
        "utilization": 0.022216796875000003
      },
      {
        "id": "C9",
        "position": {
          "x": 13.693063937629153,
          "y": 0.0
        },
        "base_level": 0,
        "top_level": 2,
        "width": 0.3,
        "depth": 0.3,
        "material": "concrete",
        "load": 31.992187500000007,
        "utilization": 0.022216796875000003
      },
      {
        "id": "C10",
        "position": {
          "x": 13.693063937629153,
          "y": 6.085806194501846
        },
        "base_level": 0,
        "top_level": 2,
        "width": 0.3,
        "depth": 0.3,
        "material": "concrete",
        "load": 45.703125000000014,
        "utilization": 0.03173828125000001
      },
      {
        "id": "C11",
        "position": {
          "x": 13.693063937629153,
          "y": 12.171612389003691
        },
        "base_level": 0,
        "top_level": 2,
        "width": 0.3,
        "depth": 0.3,
        "material": "concrete",
        "load": 45.703125000000014,
        "utilization": 0.03173828125000001
      },
      {
        "id": "C12",
        "position": {
          "x": 13.693063937629153,
          "y": 18.257418583505537
        },
        "base_level": 0,
        "top_level": 2,
        "width": 0.3,
        "depth": 0.3,
        "material": "concrete",
        "load": 31.992187500000007,
        "utilization": 0.022216796875000003
      },
      {
        "id": "C13",
        "position": {
          "x": 20.53959590644373,
          "y": 0.0
        },
        "base_level": 0,
        "top_level": 2,
        "width": 0.3,
        "depth": 0.3,
        "material": "concrete",
        "load": 31.992187500000007,
        "utilization": 0.022216796875000003
      },
      {
        "id": "C14",
        "position": {
          "x": 20.53959590644373,
          "y": 6.085806194501846
        },
        "base_level": 0,
        "top_level": 2,
        "width": 0.3,
        "depth": 0.3,
        "material": "concrete",
        "load": 45.703125000000014,
        "utilization": 0.03173828125000001
      },
      {
        "id": "C15",
        "position": {
          "x": 20.53959590644373,
          "y": 12.171612389003691
        },
        "base_level": 0,
        "top_level": 2,
        "width": 0.3,
        "depth": 0.3,
        "material": "concrete",
        "load": 45.703125000000014,
        "utilization": 0.03173828125000001
      },
      {
        "id": "C16",
        "position": {
          "x": 20.53959590644373,
          "y": 18.257418583505537
        },
        "base_level": 0,
        "top_level": 2,
        "width": 0.3,
        "depth": 0.3,
        "material": "concrete",
        "load": 31.992187500000007,
        "utilization": 0.022216796875000003
      },
      {
        "id": "C17",
        "position": {
          "x": 27.386127875258307,
          "y": 0.0
        },
        "base_level": 0,
        "top_level": 2,
        "width": 0.3,
        "depth": 0.3,
        "material": "concrete",
        "load": 31.992187500000007,
        "utilization": 0.022216796875000003
      },
      {
        "id": "C18",
        "position": {
          "x": 27.386127875258307,
          "y": 6.085806194501846
        },
        "base_level": 0,
        "top_level": 2,
        "width": 0.3,
        "depth": 0.3,
        "material": "concrete",
        "load": 31.992187500000007,
        "utilization": 0.022216796875000003
      },
      {
        "id": "C19",
        "position": {
          "x": 27.386127875258307,
          "y": 12.171612389003691
        },
        "base_level": 0,
        "top_level": 2,
        "width": 0.3,
        "depth": 0.3,
        "material": "concrete",
        "load": 31.992187500000007,
        "utilization": 0.022216796875000003
      },
      {
        "id": "C20",
        "position": {
          "x": 27.386127875258307,
          "y": 18.257418583505537
        },
        "base_level": 0,
        "top_level": 2,
        "width": 0.3,
        "depth": 0.3,
        "material": "concrete",
        "load": 31.992187500000007,
        "utilization": 0.022216796875000003
      }
    ],
    "beams": [
      {
        "id": "BX0",
        "start": {
          "x": 0.0,
          "y": 0.0
        },
        "end": {
          "x": 6.846531968814577,
          "y": 0.0
        },
        "level": 0,
        "width": 0.3,
        "depth": 0.6,
        "material": "concrete",
        "span": 6.846531968814577,
        "utilization": 0.054674204210284155
      },
      {
        "id": "BX1",
        "start": {
          "x": 6.846531968814577,
          "y": 0.0
        },
        "end": {
          "x": 13.693063937629153,
          "y": 0.0
        },
        "level": 0,
        "width": 0.3,
        "depth": 0.6,
        "material": "concrete",
        "span": 6.846531968814577,
        "utilization": 0.054674204210284155
      },
      {
        "id": "BX2",
        "start": {
          "x": 13.693063937629153,
          "y": 0.0
        },
        "end": {
          "x": 20.53959590644373,
          "y": 0.0
        },
        "level": 0,
        "width": 0.3,
        "depth": 0.6,
        "material": "concrete",
        "span": 6.846531968814576,
        "utilization": 0.05467420421028414
      },
      {
        "id": "BX3",
        "start": {
          "x": 20.53959590644373,
          "y": 0.0
        },
        "end": {
          "x": 27.386127875258307,
          "y": 0.0
        },
        "level": 0,
        "width": 0.3,
        "depth": 0.6,
        "material": "concrete",
        "span": 6.846531968814578,
        "utilization": 0.05467420421028417
      },
      {
        "id": "BX4",
        "start": {
          "x": 0.0,
          "y": 6.085806194501846
        },
        "end": {
          "x": 6.846531968814577,
          "y": 6.085806194501846
        },
        "level": 0,
        "width": 0.3,
        "depth": 0.6,
        "material": "concrete",
        "span": 6.846531968814577,
        "utilization": 0.054674204210284155
      },
      {
        "id": "BX5",
        "start": {
          "x": 6.846531968814577,
          "y": 6.085806194501846
        },
        "end": {
          "x": 13.693063937629153,
          "y": 6.085806194501846
        },
        "level": 0,
        "width": 0.3,
        "depth": 0.6,
        "material": "concrete",
        "span": 6.846531968814577,
        "utilization": 0.054674204210284155
      },
      {
        "id": "BX6",
        "start": {
          "x": 13.693063937629153,
          "y": 6.085806194501846
        },
        "end": {
          "x": 20.53959590644373,
          "y": 6.085806194501846
        },
        "level": 0,
        "width": 0.3,
        "depth": 0.6,
        "material": "concrete",
        "span": 6.846531968814576,
        "utilization": 0.05467420421028414
      },
      {
        "id": "BX7",
        "start": {
          "x": 20.53959590644373,
          "y": 6.085806194501846
        },
        "end": {
          "x": 27.386127875258307,
          "y": 6.085806194501846
        },
        "level": 0,
        "width": 0.3,
        "depth": 0.6,
        "material": "concrete",
        "span": 6.846531968814578,
        "utilization": 0.05467420421028417
      },
      {
        "id": "BX8",
        "start": {
          "x": 0.0,
          "y": 12.171612389003691
        },
        "end": {
          "x": 6.846531968814577,
          "y": 12.171612389003691
        },
        "level": 0,
        "width": 0.3,
        "depth": 0.6,
        "material": "concrete",
        "span": 6.846531968814577,
        "utilization": 0.054674204210284155
      },
      {
        "id": "BX9",
        "start": {
          "x": 6.846531968814577,
          "y": 12.171612389003691
        },
        "end": {
          "x": 13.693063937629153,
          "y": 12.171612389003691
        },
        "level": 0,
        "width": 0.3,
        "depth": 0.6,
        "material": "concrete",
        "span": 6.846531968814577,
        "utilization": 0.054674204210284155
      },
      {
        "id": "BX10",
        "start": {
          "x": 13.693063937629153,
          "y": 12.171612389003691
        },
        "end": {
          "x": 20.53959590644373,
          "y": 12.171612389003691
        },
        "level": 0,
        "width": 0.3,
        "depth": 0.6,
        "material": "concrete",
        "span": 6.846531968814576,
        "utilization": 0.05467420421028414
      },
      {
        "id": "BX11",
        "start": {
          "x": 20.53959590644373,
          "y": 12.171612389003691
        },
        "end": {
          "x": 27.386127875258307,
          "y": 12.171612389003691
        },
        "level": 0,
        "width": 0.3,
        "depth": 0.6,
        "material": "concrete",
        "span": 6.846531968814578,
        "utilization": 0.05467420421028417
      },
      {
        "id": "BX12",
        "start": {
          "x": 0.0,
          "y": 18.257418583505537
        },
        "end": {
          "x": 6.846531968814577,
          "y": 18.257418583505537
        },
        "level": 0,
        "width": 0.3,
        "depth": 0.6,
        "material": "concrete",
        "span": 6.846531968814577,
        "utilization": 0.054674204210284155
      },
      {
        "id": "BX13",
        "start": {
          "x": 6.846531968814577,
          "y": 18.257418583505537
        },
        "end": {
          "x": 13.693063937629153,
          "y": 18.257418583505537
        },
        "level": 0,
        "width": 0.3,
        "depth": 0.6,
        "material": "concrete",
        "span": 6.846531968814577,
        "utilization": 0.054674204210284155
      },
      {
        "id": "BX14",
        "start": {
          "x": 13.693063937629153,
          "y": 18.257418583505537
        },
        "end": {
          "x": 20.53959590644373,
          "y": 18.257418583505537
        },
        "level": 0,
        "width": 0.3,
        "depth": 0.6,
        "material": "concrete",
        "span": 6.846531968814576,
        "utilization": 0.05467420421028414
      },
      {
        "id": "BX15",
        "start": {
          "x": 20.53959590644373,
          "y": 18.257418583505537
        },
        "end": {
          "x": 27.386127875258307,
          "y": 18.257418583505537
        },
        "level": 0,
        "width": 0.3,
        "depth": 0.6,
        "material": "concrete",
        "span": 6.846531968814578,
        "utilization": 0.05467420421028417
      },
      {
        "id": "BY16",
        "start": {
          "x": 0.0,
          "y": 0.0
        },
        "end": {
          "x": 0.0,
          "y": 6.085806194501846
        },
        "level": 0,
        "width": 0.3,
        "depth": 0.55,
        "material": "concrete",
        "span": 6.085806194501846,
        "utilization": 0.05783717470178818
      },
      {
        "id": "BY17",
        "start": {
          "x": 0.0,
          "y": 6.085806194501846
        },
        "end": {
          "x": 0.0,
          "y": 12.171612389003691
        },
        "level": 0,
        "width": 0.3,
        "depth": 0.55,
        "material": "concrete",
        "span": 6.085806194501846,
        "utilization": 0.05783717470178818
      },
      {
        "id": "BY18",
        "start": {
          "x": 0.0,
          "y": 12.171612389003691
        },
        "end": {
          "x": 0.0,
          "y": 18.257418583505537
        },
        "level": 0,
        "width": 0.3,
        "depth": 0.55,
        "material": "concrete",
        "span": 6.085806194501846,
        "utilization": 0.05783717470178818
      },
      {
        "id": "BY19",
        "start": {
          "x": 6.846531968814577,
          "y": 0.0
        },
        "end": {
          "x": 6.846531968814577,
          "y": 6.085806194501846
        },
        "level": 0,
        "width": 0.3,
        "depth": 0.55,
        "material": "concrete",
        "span": 6.085806194501846,
        "utilization": 0.05783717470178818
      },
      {
        "id": "BY20",
        "start": {
          "x": 6.846531968814577,
          "y": 6.085806194501846
        },
        "end": {
          "x": 6.846531968814577,
          "y": 12.171612389003691
        },
        "level": 0,
        "width": 0.3,
        "depth": 0.55,
        "material": "concrete",
        "span": 6.085806194501846,
        "utilization": 0.05783717470178818
      },
      {
        "id": "BY21",
        "start": {
          "x": 6.846531968814577,
          "y": 12.171612389003691
        },
        "end": {
          "x": 6.846531968814577,
          "y": 18.257418583505537
        },
        "level": 0,
        "width": 0.3,
        "depth": 0.55,
        "material": "concrete",
        "span": 6.085806194501846,
        "utilization": 0.05783717470178818
      },
      {
        "id": "BY22",
        "start": {
          "x": 13.693063937629153,
          "y": 0.0
        },
        "end": {
          "x": 13.693063937629153,
          "y": 6.085806194501846
        },
        "level": 0,
        "width": 0.3,
        "depth": 0.55,
        "material": "concrete",
        "span": 6.085806194501846,
        "utilization": 0.05783717470178818
      },
      {
        "id": "BY23",
        "start": {
          "x": 13.693063937629153,
          "y": 6.085806194501846
        },
        "end": {
          "x": 13.693063937629153,
          "y": 12.171612389003691
        },
        "level": 0,
        "width": 0.3,
        "depth": 0.55,
        "material": "concrete",
        "span": 6.085806194501846,
        "utilization": 0.05783717470178818
      },
      {
        "id": "BY24",
        "start": {
          "x": 13.693063937629153,
          "y": 12.171612389003691
        },
        "end": {
          "x": 13.693063937629153,
          "y": 18.257418583505537
        },
        "level": 0,
        "width": 0.3,
        "depth": 0.55,
        "material": "concrete",
        "span": 6.085806194501846,
        "utilization": 0.05783717470178818
      },
      {
        "id": "BY25",
        "start": {
          "x": 20.53959590644373,
          "y": 0.0
        },
        "end": {
          "x": 20.53959590644373,
          "y": 6.085806194501846
        },
        "level": 0,
        "width": 0.3,
        "depth": 0.55,
        "material": "concrete",
        "span": 6.085806194501846,
        "utilization": 0.05783717470178818
      },
      {
        "id": "BY26",
        "start": {
          "x": 20.53959590644373,
          "y": 6.085806194501846
        },
        "end": {
          "x": 20.53959590644373,
          "y": 12.171612389003691
        },
        "level": 0,
        "width": 0.3,
        "depth": 0.55,
        "material": "concrete",
        "span": 6.085806194501846,
        "utilization": 0.05783717470178818
      },
      {
        "id": "BY27",
        "start": {
          "x": 20.53959590644373,
          "y": 12.171612389003691
        },
        "end": {
          "x": 20.53959590644373,
          "y": 18.257418583505537
        },
        "level": 0,
        "width": 0.3,
        "depth": 0.55,
        "material": "concrete",
        "span": 6.085806194501846,
        "utilization": 0.05783717470178818
      },
      {
        "id": "BY28",
        "start": {
          "x": 27.386127875258307,
          "y": 0.0
        },
        "end": {
          "x": 27.386127875258307,
          "y": 6.085806194501846
        },
        "level": 0,
        "width": 0.3,
        "depth": 0.55,
        "material": "concrete",
        "span": 6.085806194501846,
        "utilization": 0.05783717470178818
      },
      {
        "id": "BY29",
        "start": {
          "x": 27.386127875258307,
          "y": 6.085806194501846
        },
        "end": {
          "x": 27.386127875258307,
          "y": 12.171612389003691
        },
        "level": 0,
        "width": 0.3,
        "depth": 0.55,
        "material": "concrete",
        "span": 6.085806194501846,
        "utilization": 0.05783717470178818
      },
      {
        "id": "BY30",
        "start": {
          "x": 27.386127875258307,
          "y": 12.171612389003691
        },
        "end": {
          "x": 27.386127875258307,
          "y": 18.257418583505537
        },
        "level": 0,
        "width": 0.3,
        "depth": 0.55,
        "material": "concrete",
        "span": 6.085806194501846,
        "utilization": 0.05783717470178818
      },
      {
        "id": "BX31",
        "start": {
          "x": 0.0,
          "y": 0.0
        },
        "end": {
          "x": 6.846531968814577,
          "y": 0.0
        },
        "level": 1,
        "width": 0.3,
        "depth": 0.6,
        "material": "concrete",
        "span": 6.846531968814577,
        "utilization": 0.054674204210284155
      },
      {
        "id": "BX32",
        "start": {
          "x": 6.846531968814577,
          "y": 0.0
        },
        "end": {
          "x": 13.693063937629153,
          "y": 0.0
        },
        "level": 1,
        "width": 0.3,
        "depth": 0.6,
        "material": "concrete",
        "span": 6.846531968814577,
        "utilization": 0.054674204210284155
      },
      {
        "id": "BX33",
        "start": {
          "x": 13.693063937629153,
          "y": 0.0
        },
        "end": {
          "x": 20.53959590644373,
          "y": 0.0
        },
        "level": 1,
        "width": 0.3,
        "depth": 0.6,
        "material": "concrete",
        "span": 6.846531968814576,
        "utilization": 0.05467420421028414
      },
      {
        "id": "BX34",
        "start": {
          "x": 20.53959590644373,
          "y": 0.0
        },
        "end": {
          "x": 27.386127875258307,
          "y": 0.0
        },
        "level": 1,
        "width": 0.3,
        "depth": 0.6,
        "material": "concrete",
        "span": 6.846531968814578,
        "utilization": 0.05467420421028417
      },
      {
        "id": "BX35",
        "start": {
          "x": 0.0,
          "y": 6.085806194501846
        },
        "end": {
          "x": 6.846531968814577,
          "y": 6.085806194501846
        },
        "level": 1,
        "width": 0.3,
        "depth": 0.6,
        "material": "concrete",
        "span": 6.846531968814577,
        "utilization": 0.054674204210284155
      },
      {
        "id": "BX36",
        "start": {
          "x": 6.846531968814577,
          "y": 6.085806194501846
        },
        "end": {
          "x": 13.693063937629153,
          "y": 6.085806194501846
        },
        "level": 1,
        "width": 0.3,
        "depth": 0.6,
        "material": "concrete",
        "span": 6.846531968814577,
        "utilization": 0.054674204210284155
      },
      {
        "id": "BX37",
        "start": {
          "x": 13.693063937629153,
          "y": 6.085806194501846
        },
        "end": {
          "x": 20.53959590644373,
          "y": 6.085806194501846
        },
        "level": 1,
        "width": 0.3,
        "depth": 0.6,
        "material": "concrete",
        "span": 6.846531968814576,
        "utilization": 0.05467420421028414
      },
      {
        "id": "BX38",
        "start": {
          "x": 20.53959590644373,
          "y": 6.085806194501846
        },
        "end": {
          "x": 27.386127875258307,
          "y": 6.085806194501846
        },
        "level": 1,
        "width": 0.3,
        "depth": 0.6,
        "material": "concrete",
        "span": 6.846531968814578,
        "utilization": 0.05467420421028417
      },
      {
        "id": "BX39",
        "start": {
          "x": 0.0,
          "y": 12.171612389003691
        },
        "end": {
          "x": 6.846531968814577,
          "y": 12.171612389003691
        },
        "level": 1,
        "width": 0.3,
        "depth": 0.6,
        "material": "concrete",
        "span": 6.846531968814577,
        "utilization": 0.054674204210284155
      },
      {
        "id": "BX40",
        "start": {
          "x": 6.846531968814577,
          "y": 12.171612389003691
        },
        "end": {
          "x": 13.693063937629153,
          "y": 12.171612389003691
        },
        "level": 1,
        "width": 0.3,
        "depth": 0.6,
        "material": "concrete",
        "span": 6.846531968814577,
        "utilization": 0.054674204210284155
      },
      {
        "id": "BX41",
        "start": {
          "x": 13.693063937629153,
          "y": 12.171612389003691
        },
        "end": {
          "x": 20.53959590644373,
          "y": 12.171612389003691
        },
        "level": 1,
        "width": 0.3,
        "depth": 0.6,
        "material": "concrete",
        "span": 6.846531968814576,
        "utilization": 0.05467420421028414
      },
      {
        "id": "BX42",
        "start": {
          "x": 20.53959590644373,
          "y": 12.171612389003691
        },
        "end": {
          "x": 27.386127875258307,
          "y": 12.171612389003691
        },
        "level": 1,
        "width": 0.3,
        "depth": 0.6,
        "material": "concrete",
        "span": 6.846531968814578,
        "utilization": 0.05467420421028417
      },
      {
        "id": "BX43",
        "start": {
          "x": 0.0,
          "y": 18.257418583505537
        },
        "end": {
          "x": 6.846531968814577,
          "y": 18.257418583505537
        },
        "level": 1,
        "width": 0.3,
        "depth": 0.6,
        "material": "concrete",
        "span": 6.846531968814577,
        "utilization": 0.054674204210284155
      },
      {
        "id": "BX44",
        "start": {
          "x": 6.846531968814577,
          "y": 18.257418583505537
        },
        "end": {
          "x": 13.693063937629153,
          "y": 18.257418583505537
        },
        "level": 1,
        "width": 0.3,
        "depth": 0.6,
        "material": "concrete",
        "span": 6.846531968814577,
        "utilization": 0.054674204210284155
      },
      {
        "id": "BX45",
        "start": {
          "x": 13.693063937629153,
          "y": 18.257418583505537
        },
        "end": {
          "x": 20.53959590644373,
          "y": 18.257418583505537
        },
        "level": 1,
        "width": 0.3,
        "depth": 0.6,
        "material": "concrete",
        "span": 6.846531968814576,
        "utilization": 0.05467420421028414
      },
      {
        "id": "BX46",
        "start": {
          "x": 20.53959590644373,
          "y": 18.257418583505537
        },
        "end": {
          "x": 27.386127875258307,
          "y": 18.257418583505537
        },
        "level": 1,
        "width": 0.3,
        "depth": 0.6,
        "material": "concrete",
        "span": 6.846531968814578,
        "utilization": 0.05467420421028417
      },
      {
        "id": "BY47",
        "start": {
          "x": 0.0,
          "y": 0.0
        },
        "end": {
          "x": 0.0,
          "y": 6.085806194501846
        },
        "level": 1,
        "width": 0.3,
        "depth": 0.55,
        "material": "concrete",
        "span": 6.085806194501846,
        "utilization": 0.05783717470178818
      },
      {
        "id": "BY48",
        "start": {
          "x": 0.0,
          "y": 6.085806194501846
        },
        "end": {
          "x": 0.0,
          "y": 12.171612389003691
        },
        "level": 1,
        "width": 0.3,
        "depth": 0.55,
        "material": "concrete",
        "span": 6.085806194501846,
        "utilization": 0.05783717470178818
      },
      {
        "id": "BY49",
        "start": {
          "x": 0.0,
          "y": 12.171612389003691
        },
        "end": {
          "x": 0.0,
          "y": 18.257418583505537
        },
        "level": 1,
        "width": 0.3,
        "depth": 0.55,
        "material": "concrete",
        "span": 6.085806194501846,
        "utilization": 0.05783717470178818
      },
      {
        "id": "BY50",
        "start": {
          "x": 6.846531968814577,
          "y": 0.0
        },
        "end": {
          "x": 6.846531968814577,
          "y": 6.085806194501846
        },
        "level": 1,
        "width": 0.3,
        "depth": 0.55,
        "material": "concrete",
        "span": 6.085806194501846,
        "utilization": 0.05783717470178818
      },
      {
        "id": "BY51",
        "start": {
          "x": 6.846531968814577,
          "y": 6.085806194501846
        },
        "end": {
          "x": 6.846531968814577,
          "y": 12.171612389003691
        },
        "level": 1,
        "width": 0.3,
        "depth": 0.55,
        "material": "concrete",
        "span": 6.085806194501846,
        "utilization": 0.05783717470178818
      },
      {
        "id": "BY52",
        "start": {
          "x": 6.846531968814577,
          "y": 12.171612389003691
        },
        "end": {
          "x": 6.846531968814577,
          "y": 18.257418583505537
        },
        "level": 1,
        "width": 0.3,
        "depth": 0.55,
        "material": "concrete",
        "span": 6.085806194501846,
        "utilization": 0.05783717470178818
      },
      {
        "id": "BY53",
        "start": {
          "x": 13.693063937629153,
          "y": 0.0
        },
        "end": {
          "x": 13.693063937629153,
          "y": 6.085806194501846
        },
        "level": 1,
        "width": 0.3,
        "depth": 0.55,
        "material": "concrete",
        "span": 6.085806194501846,
        "utilization": 0.05783717470178818
      },
      {
        "id": "BY54",
        "start": {
          "x": 13.693063937629153,
          "y": 6.085806194501846
        },
        "end": {
          "x": 13.693063937629153,
          "y": 12.171612389003691
        },
        "level": 1,
        "width": 0.3,
        "depth": 0.55,
        "material": "concrete",
        "span": 6.085806194501846,
        "utilization": 0.05783717470178818
      },
      {
        "id": "BY55",
        "start": {
          "x": 13.693063937629153,
          "y": 12.171612389003691
        },
        "end": {
          "x": 13.693063937629153,
          "y": 18.257418583505537
        },
        "level": 1,
        "width": 0.3,
        "depth": 0.55,
        "material": "concrete",
        "span": 6.085806194501846,
        "utilization": 0.05783717470178818
      },
      {
        "id": "BY56",
        "start": {
          "x": 20.53959590644373,
          "y": 0.0
        },
        "end": {
          "x": 20.53959590644373,
          "y": 6.085806194501846
        },
        "level": 1,
        "width": 0.3,
        "depth": 0.55,
        "material": "concrete",
        "span": 6.085806194501846,
        "utilization": 0.05783717470178818
      },
      {
        "id": "BY57",
        "start": {
          "x": 20.53959590644373,
          "y": 6.085806194501846
        },
        "end": {
          "x": 20.53959590644373,
          "y": 12.171612389003691
        },
        "level": 1,
        "width": 0.3,
        "depth": 0.55,
        "material": "concrete",
        "span": 6.085806194501846,
        "utilization": 0.05783717470178818
      },
      {
        "id": "BY58",
        "start": {
          "x": 20.53959590644373,
          "y": 12.171612389003691
        },
        "end": {
          "x": 20.53959590644373,
          "y": 18.257418583505537
        },
        "level": 1,
        "width": 0.3,
        "depth": 0.55,
        "material": "concrete",
        "span": 6.085806194501846,
        "utilization": 0.05783717470178818
      },
      {
        "id": "BY59",
        "start": {
          "x": 27.386127875258307,
          "y": 0.0
        },
        "end": {
          "x": 27.386127875258307,
          "y": 6.085806194501846
        },
        "level": 1,
        "width": 0.3,
        "depth": 0.55,
        "material": "concrete",
        "span": 6.085806194501846,
        "utilization": 0.05783717470178818
      },
      {
        "id": "BY60",
        "start": {
          "x": 27.386127875258307,
          "y": 6.085806194501846
        },
        "end": {
          "x": 27.386127875258307,
          "y": 12.171612389003691
        },
        "level": 1,
        "width": 0.3,
        "depth": 0.55,
        "material": "concrete",
        "span": 6.085806194501846,
        "utilization": 0.05783717470178818
      },
      {
        "id": "BY61",
        "start": {
          "x": 27.386127875258307,
          "y": 12.171612389003691
        },
        "end": {
          "x": 27.386127875258307,
          "y": 18.257418583505537
        },
        "level": 1,
        "width": 0.3,
        "depth": 0.55,
        "material": "concrete",
        "span": 6.085806194501846,
        "utilization": 0.05783717470178818
      }
    ],
    "slabs": [
      {
        "id": "S0",
        "level": 0,
        "thickness": 0.25,
        "system": "flat_slab",
        "spans": [
          6.846531968814577,
          6.085806194501846
        ]
      },
      {
        "id": "S1",
        "level": 1,
        "thickness": 0.25,
        "system": "flat_slab",
        "spans": [
          6.846531968814577,
          6.085806194501846
        ]
      }
    ],
    "walls": [],
    "foundations": [
      {
        "id": "FC1",
        "type": "pad",
        "position": [
          0.0,
          0.0
        ],
        "width": 1.5,
        "depth": 1.5,
        "thickness": 0.5
      },
      {
        "id": "FC2",
        "type": "pad",
        "position": [
          0.0,
          6.085806194501846
        ],
        "width": 1.5,
        "depth": 1.5,
        "thickness": 0.5
      },
      {
        "id": "FC3",
        "type": "pad",
        "position": [
          0.0,
          12.171612389003691
        ],
        "width": 1.5,
        "depth": 1.5,
        "thickness": 0.5
      },
      {
        "id": "FC4",
        "type": "pad",
        "position": [
          0.0,
          18.257418583505537
        ],
        "width": 1.5,
        "depth": 1.5,
        "thickness": 0.5
      },
      {
        "id": "FC5",
        "type": "pad",
        "position": [
          6.846531968814577,
          0.0
        ],
        "width": 1.5,
        "depth": 1.5,
        "thickness": 0.5
      },
      {
        "id": "FC6",
        "type": "pad",
        "position": [
          6.846531968814577,
          6.085806194501846
        ],
        "width": 1.5,
        "depth": 1.5,
        "thickness": 0.5
      },
      {
        "id": "FC7",
        "type": "pad",
        "position": [
          6.846531968814577,
          12.171612389003691
        ],
        "width": 1.5,
        "depth": 1.5,
        "thickness": 0.5
      },
      {
        "id": "FC8",
        "type": "pad",
        "position": [
          6.846531968814577,
          18.257418583505537
        ],
        "width": 1.5,
        "depth": 1.5,
        "thickness": 0.5
      },
      {
        "id": "FC9",
        "type": "pad",
        "position": [
          13.693063937629153,
          0.0
        ],
        "width": 1.5,
        "depth": 1.5,
        "thickness": 0.5
      },
      {
        "id": "FC10",
        "type": "pad",
        "position": [
          13.693063937629153,
          6.085806194501846
        ],
        "width": 1.5,
        "depth": 1.5,
        "thickness": 0.5
      },
      {
        "id": "FC11",
        "type": "pad",
        "position": [
          13.693063937629153,
          12.171612389003691
        ],
        "width": 1.5,
        "depth": 1.5,
        "thickness": 0.5
      },
      {
        "id": "FC12",
        "type": "pad",
        "position": [
          13.693063937629153,
          18.257418583505537
        ],
        "width": 1.5,
        "depth": 1.5,
        "thickness": 0.5
      },
      {
        "id": "FC13",
        "type": "pad",
        "position": [
          20.53959590644373,
          0.0
        ],
        "width": 1.5,
        "depth": 1.5,
        "thickness": 0.5
      },
      {
        "id": "FC14",
        "type": "pad",
        "position": [
          20.53959590644373,
          6.085806194501846
        ],
        "width": 1.5,
        "depth": 1.5,
        "thickness": 0.5
      },
      {
        "id": "FC15",
        "type": "pad",
        "position": [
          20.53959590644373,
          12.171612389003691
        ],
        "width": 1.5,
        "depth": 1.5,
        "thickness": 0.5
      },
      {
        "id": "FC16",
        "type": "pad",
        "position": [
          20.53959590644373,
          18.257418583505537
        ],
        "width": 1.5,
        "depth": 1.5,
        "thickness": 0.5
      },
      {
        "id": "FC17",
        "type": "pad",
        "position": [
          27.386127875258307,
          0.0
        ],
        "width": 1.5,
        "depth": 1.5,
        "thickness": 0.5
      },
      {
        "id": "FC18",
        "type": "pad",
        "position": [
          27.386127875258307,
          6.085806194501846
        ],
        "width": 1.5,
        "depth": 1.5,
        "thickness": 0.5
      },
      {
        "id": "FC19",
        "type": "pad",
        "position": [
          27.386127875258307,
          12.171612389003691
        ],
        "width": 1.5,
        "depth": 1.5,
        "thickness": 0.5
      },
      {
        "id": "FC20",
        "type": "pad",
        "position": [
          27.386127875258307,
          18.257418583505537
        ],
        "width": 1.5,
        "depth": 1.5,
        "thickness": 0.5
      }
    ],
    "analysis": {
      "max_drift": 0.17366161448422318,
      "max_drift_ratio": 0.03215955823781911,
      "drift_compliant": false,
      "period": 0.3076786861247154
    },
    "metrics": {
      "concrete_volume": 332.5207648031561,
      "steel_weight": 0,
      "column_count": 20,
      "beam_count": 62,
      "avg_column_utilization": 0.025073242187500004,
      "avg_beam_utilization": 0.05620467380294739,
      "max_drift_ratio": 0.17366161448422318,
      "fundamental_period": 0.3076786861247154
    },
    "geometry": {
      "elements": [
        {
          "type": "column",
          "id": "C1",
          "bounds": {
            "min_x": -0.15,
            "max_x": 0.15,
            "min_y": -0.15,
            "max_y": 0.15,
            "min_z": 0,
            "max_z": 7.2
          }
        },
        {
          "type": "column",
          "id": "C2",
          "bounds": {
            "min_x": -0.15,
            "max_x": 0.15,
            "min_y": 5.935806194501845,
            "max_y": 6.235806194501846,
            "min_z": 0,
            "max_z": 7.2
          }
        },
        {
          "type": "column",
          "id": "C3",
          "bounds": {
            "min_x": -0.15,
            "max_x": 0.15,
            "min_y": 12.02161238900369,
            "max_y": 12.321612389003691,
            "min_z": 0,
            "max_z": 7.2
          }
        },
        {
          "type": "column",
          "id": "C4",
          "bounds": {
            "min_x": -0.15,
            "max_x": 0.15,
            "min_y": 18.107418583505538,
            "max_y": 18.407418583505535,
            "min_z": 0,
            "max_z": 7.2
          }
        },
        {
          "type": "column",
          "id": "C5",
          "bounds": {
            "min_x": 6.696531968814576,
            "max_x": 6.996531968814577,
            "min_y": -0.15,
            "max_y": 0.15,
            "min_z": 0,
            "max_z": 7.2
          }
        },
        {
          "type": "column",
          "id": "C6",
          "bounds": {
            "min_x": 6.696531968814576,
            "max_x": 6.996531968814577,
            "min_y": 5.935806194501845,
            "max_y": 6.235806194501846,
            "min_z": 0,
            "max_z": 7.2
          }
        },
        {
          "type": "column",
          "id": "C7",
          "bounds": {
            "min_x": 6.696531968814576,
            "max_x": 6.996531968814577,
            "min_y": 12.02161238900369,
            "max_y": 12.321612389003691,
            "min_z": 0,
            "max_z": 7.2
          }
        },
        {
          "type": "column",
          "id": "C8",
          "bounds": {
            "min_x": 6.696531968814576,
            "max_x": 6.996531968814577,
            "min_y": 18.107418583505538,
            "max_y": 18.407418583505535,
            "min_z": 0,
            "max_z": 7.2
          }
        },
        {
          "type": "column",
          "id": "C9",
          "bounds": {
            "min_x": 13.543063937629153,
            "max_x": 13.843063937629154,
            "min_y": -0.15,
            "max_y": 0.15,
            "min_z": 0,
            "max_z": 7.2
          }
        },
        {
          "type": "column",
          "id": "C10",
          "bounds": {
            "min_x": 13.543063937629153,
            "max_x": 13.843063937629154,
            "min_y": 5.935806194501845,
            "max_y": 6.235806194501846,
            "min_z": 0,
            "max_z": 7.2
          }
        },
        {
          "type": "column",
          "id": "C11",
          "bounds": {
            "min_x": 13.543063937629153,
            "max_x": 13.843063937629154,
            "min_y": 12.02161238900369,
            "max_y": 12.321612389003691,
            "min_z": 0,
            "max_z": 7.2
          }
        },
        {
          "type": "column",
          "id": "C12",
          "bounds": {
            "min_x": 13.543063937629153,
            "max_x": 13.843063937629154,
            "min_y": 18.107418583505538,
            "max_y": 18.407418583505535,
            "min_z": 0,
            "max_z": 7.2
          }
        },
        {
          "type": "column",
          "id": "C13",
          "bounds": {
            "min_x": 20.38959590644373,
            "max_x": 20.689595906443728,
            "min_y": -0.15,
            "max_y": 0.15,
            "min_z": 0,
            "max_z": 7.2
          }
        },
        {
          "type": "column",
          "id": "C14",
          "bounds": {
            "min_x": 20.38959590644373,
            "max_x": 20.689595906443728,
            "min_y": 5.935806194501845,
            "max_y": 6.235806194501846,
            "min_z": 0,
            "max_z": 7.2
          }
        },
        {
          "type": "column",
          "id": "C15",
          "bounds": {
            "min_x": 20.38959590644373,
            "max_x": 20.689595906443728,
            "min_y": 12.02161238900369,
            "max_y": 12.321612389003691,
            "min_z": 0,
            "max_z": 7.2
          }
        },
        {
          "type": "column",
          "id": "C16",
          "bounds": {
            "min_x": 20.38959590644373,
            "max_x": 20.689595906443728,
            "min_y": 18.107418583505538,
            "max_y": 18.407418583505535,
            "min_z": 0,
            "max_z": 7.2
          }
        },
        {
          "type": "column",
          "id": "C17",
          "bounds": {
            "min_x": 27.23612787525831,
            "max_x": 27.536127875258305,
            "min_y": -0.15,
            "max_y": 0.15,
            "min_z": 0,
            "max_z": 7.2
          }
        },
        {
          "type": "column",
          "id": "C18",
          "bounds": {
            "min_x": 27.23612787525831,
            "max_x": 27.536127875258305,
            "min_y": 5.935806194501845,
            "max_y": 6.235806194501846,
            "min_z": 0,
            "max_z": 7.2
          }
        },
        {
          "type": "column",
          "id": "C19",
          "bounds": {
            "min_x": 27.23612787525831,
            "max_x": 27.536127875258305,
            "min_y": 12.02161238900369,
            "max_y": 12.321612389003691,
            "min_z": 0,
            "max_z": 7.2
          }
        },
        {
          "type": "column",
          "id": "C20",
          "bounds": {
            "min_x": 27.23612787525831,
            "max_x": 27.536127875258305,
            "min_y": 18.107418583505538,
            "max_y": 18.407418583505535,
            "min_z": 0,
            "max_z": 7.2
          }
        },
        {
          "type": "beam",
          "id": "BX0",
          "bounds": {
            "min_x": 0.0,
            "max_x": 6.846531968814577,
            "min_y": -0.15,
            "max_y": 0.15,
            "min_z": 3.0,
            "max_z": 3.6
          }
        },
        {
          "type": "beam",
          "id": "BX1",
          "bounds": {
            "min_x": 6.846531968814577,
            "max_x": 13.693063937629153,
            "min_y": -0.15,
            "max_y": 0.15,
            "min_z": 3.0,
            "max_z": 3.6
          }
        },
        {
          "type": "beam",
          "id": "BX2",
          "bounds": {
            "min_x": 13.693063937629153,
            "max_x": 20.53959590644373,
            "min_y": -0.15,
            "max_y": 0.15,
            "min_z": 3.0,
            "max_z": 3.6
          }
        },
        {
          "type": "beam",
          "id": "BX3",
          "bounds": {
            "min_x": 20.53959590644373,
            "max_x": 27.386127875258307,
            "min_y": -0.15,
            "max_y": 0.15,
            "min_z": 3.0,
            "max_z": 3.6
          }
        },
        {
          "type": "beam",
          "id": "BX4",
          "bounds": {
            "min_x": 0.0,
            "max_x": 6.846531968814577,
            "min_y": 5.935806194501845,
            "max_y": 6.235806194501846,
            "min_z": 3.0,
            "max_z": 3.6
          }
        },
        {
          "type": "beam",
          "id": "BX5",
          "bounds": {
            "min_x": 6.846531968814577,
            "max_x": 13.693063937629153,
            "min_y": 5.935806194501845,
            "max_y": 6.235806194501846,
            "min_z": 3.0,
            "max_z": 3.6
          }
        },
        {
          "type": "beam",
          "id": "BX6",
          "bounds": {
            "min_x": 13.693063937629153,
            "max_x": 20.53959590644373,
            "min_y": 5.935806194501845,
            "max_y": 6.235806194501846,
            "min_z": 3.0,
            "max_z": 3.6
          }
        },
        {
          "type": "beam",
          "id": "BX7",
          "bounds": {
            "min_x": 20.53959590644373,
            "max_x": 27.386127875258307,
            "min_y": 5.935806194501845,
            "max_y": 6.235806194501846,
            "min_z": 3.0,
            "max_z": 3.6
          }
        },
        {
          "type": "beam",
          "id": "BX8",
          "bounds": {
            "min_x": 0.0,
            "max_x": 6.846531968814577,
            "min_y": 12.02161238900369,
            "max_y": 12.321612389003691,
            "min_z": 3.0,
            "max_z": 3.6
          }
        },
        {
          "type": "beam",
          "id": "BX9",
          "bounds": {
            "min_x": 6.846531968814577,
            "max_x": 13.693063937629153,
            "min_y": 12.02161238900369,
            "max_y": 12.321612389003691,
            "min_z": 3.0,
            "max_z": 3.6
          }
        },
        {
          "type": "beam",
          "id": "BX10",
          "bounds": {
            "min_x": 13.693063937629153,
            "max_x": 20.53959590644373,
            "min_y": 12.02161238900369,
            "max_y": 12.321612389003691,
            "min_z": 3.0,
            "max_z": 3.6
          }
        },
        {
          "type": "beam",
          "id": "BX11",
          "bounds": {
            "min_x": 20.53959590644373,
            "max_x": 27.386127875258307,
            "min_y": 12.02161238900369,
            "max_y": 12.321612389003691,
            "min_z": 3.0,
            "max_z": 3.6
          }
        },
        {
          "type": "beam",
          "id": "BX12",
          "bounds": {
            "min_x": 0.0,
            "max_x": 6.846531968814577,
            "min_y": 18.107418583505538,
            "max_y": 18.407418583505535,
            "min_z": 3.0,
            "max_z": 3.6
          }
        },
        {
          "type": "beam",
          "id": "BX13",
          "bounds": {
            "min_x": 6.846531968814577,
            "max_x": 13.693063937629153,
            "min_y": 18.107418583505538,
            "max_y": 18.407418583505535,
            "min_z": 3.0,
            "max_z": 3.6
          }
        },
        {
          "type": "beam",
          "id": "BX14",
          "bounds": {
            "min_x": 13.693063937629153,
            "max_x": 20.53959590644373,
            "min_y": 18.107418583505538,
            "max_y": 18.407418583505535,
            "min_z": 3.0,
            "max_z": 3.6
          }
        },
        {
          "type": "beam",
          "id": "BX15",
          "bounds": {
            "min_x": 20.53959590644373,
            "max_x": 27.386127875258307,
            "min_y": 18.107418583505538,
            "max_y": 18.407418583505535,
            "min_z": 3.0,
            "max_z": 3.6
          }
        },
        {
          "type": "beam",
          "id": "BY16",
          "bounds": {
            "min_x": 0.0,
            "max_x": 0.0,
            "min_y": -0.15,
            "max_y": 6.235806194501846,
            "min_z": 3.05,
            "max_z": 3.6
          }
        },
        {
          "type": "beam",
          "id": "BY17",
          "bounds": {
            "min_x": 0.0,
            "max_x": 0.0,
            "min_y": 5.935806194501845,
            "max_y": 12.321612389003691,
            "min_z": 3.05,
            "max_z": 3.6
          }
        },
        {
          "type": "beam",
          "id": "BY18",
          "bounds": {
            "min_x": 0.0,
            "max_x": 0.0,
            "min_y": 12.02161238900369,
            "max_y": 18.407418583505535,
            "min_z": 3.05,
            "max_z": 3.6
          }
        },
        {
          "type": "beam",
          "id": "BY19",
          "bounds": {
            "min_x": 6.846531968814577,
            "max_x": 6.846531968814577,
            "min_y": -0.15,
            "max_y": 6.235806194501846,
            "min_z": 3.05,
            "max_z": 3.6
          }
        },
        {
          "type": "beam",
          "id": "BY20",
          "bounds": {
            "min_x": 6.846531968814577,
            "max_x": 6.846531968814577,
            "min_y": 5.935806194501845,
            "max_y": 12.321612389003691,
            "min_z": 3.05,
            "max_z": 3.6
          }
        },
        {
          "type": "beam",
          "id": "BY21",
          "bounds": {
            "min_x": 6.846531968814577,
            "max_x": 6.846531968814577,
            "min_y": 12.02161238900369,
            "max_y": 18.407418583505535,
            "min_z": 3.05,
            "max_z": 3.6
          }
        },
        {
          "type": "beam",
          "id": "BY22",
          "bounds": {
            "min_x": 13.693063937629153,
            "max_x": 13.693063937629153,
            "min_y": -0.15,
            "max_y": 6.235806194501846,
            "min_z": 3.05,
            "max_z": 3.6
          }
        },
        {
          "type": "beam",
          "id": "BY23",
          "bounds": {
            "min_x": 13.693063937629153,
            "max_x": 13.693063937629153,
            "min_y": 5.935806194501845,
            "max_y": 12.321612389003691,
            "min_z": 3.05,
            "max_z": 3.6
          }
        },
        {
          "type": "beam",
          "id": "BY24",
          "bounds": {
            "min_x": 13.693063937629153,
            "max_x": 13.693063937629153,
            "min_y": 12.02161238900369,
            "max_y": 18.407418583505535,
            "min_z": 3.05,
            "max_z": 3.6
          }
        },
        {
          "type": "beam",
          "id": "BY25",
          "bounds": {
            "min_x": 20.53959590644373,
            "max_x": 20.53959590644373,
            "min_y": -0.15,
            "max_y": 6.235806194501846,
            "min_z": 3.05,
            "max_z": 3.6
          }
        },
        {
          "type": "beam",
          "id": "BY26",
          "bounds": {
            "min_x": 20.53959590644373,
            "max_x": 20.53959590644373,
            "min_y": 5.935806194501845,
            "max_y": 12.321612389003691,
            "min_z": 3.05,
            "max_z": 3.6
          }
        },
        {
          "type": "beam",
          "id": "BY27",
          "bounds": {
            "min_x": 20.53959590644373,
            "max_x": 20.53959590644373,
            "min_y": 12.02161238900369,
            "max_y": 18.407418583505535,
            "min_z": 3.05,
            "max_z": 3.6
          }
        },
        {
          "type": "beam",
          "id": "BY28",
          "bounds": {
            "min_x": 27.386127875258307,
            "max_x": 27.386127875258307,
            "min_y": -0.15,
            "max_y": 6.235806194501846,
            "min_z": 3.05,
            "max_z": 3.6
          }
        },
        {
          "type": "beam",
          "id": "BY29",
          "bounds": {
            "min_x": 27.386127875258307,
            "max_x": 27.386127875258307,
            "min_y": 5.935806194501845,
            "max_y": 12.321612389003691,
            "min_z": 3.05,
            "max_z": 3.6
          }
        },
        {
          "type": "beam",
          "id": "BY30",
          "bounds": {
            "min_x": 27.386127875258307,
            "max_x": 27.386127875258307,
            "min_y": 12.02161238900369,
            "max_y": 18.407418583505535,
            "min_z": 3.05,
            "max_z": 3.6
          }
        },
        {
          "type": "beam",
          "id": "BX31",
          "bounds": {
            "min_x": 0.0,
            "max_x": 6.846531968814577,
            "min_y": -0.15,
            "max_y": 0.15,
            "min_z": 6.6000000000000005,
            "max_z": 7.2
          }
        },
        {
          "type": "beam",
          "id": "BX32",
          "bounds": {
            "min_x": 6.846531968814577,
            "max_x": 13.693063937629153,
            "min_y": -0.15,
            "max_y": 0.15,
            "min_z": 6.6000000000000005,
            "max_z": 7.2
          }
        },
        {
          "type": "beam",
          "id": "BX33",
          "bounds": {
            "min_x": 13.693063937629153,
            "max_x": 20.53959590644373,
            "min_y": -0.15,
            "max_y": 0.15,
            "min_z": 6.6000000000000005,
            "max_z": 7.2
          }
        },
        {
          "type": "beam",
          "id": "BX34",
          "bounds": {
            "min_x": 20.53959590644373,
            "max_x": 27.386127875258307,
            "min_y": -0.15,
            "max_y": 0.15,
            "min_z": 6.6000000000000005,
            "max_z": 7.2
          }
        },
        {
          "type": "beam",
          "id": "BX35",
          "bounds": {
            "min_x": 0.0,
            "max_x": 6.846531968814577,
            "min_y": 5.935806194501845,
            "max_y": 6.235806194501846,
            "min_z": 6.6000000000000005,
            "max_z": 7.2
          }
        },
        {
          "type": "beam",
          "id": "BX36",
          "bounds": {
            "min_x": 6.846531968814577,
            "max_x": 13.693063937629153,
            "min_y": 5.935806194501845,
            "max_y": 6.235806194501846,
            "min_z": 6.6000000000000005,
            "max_z": 7.2
          }
        },
        {
          "type": "beam",
          "id": "BX37",
          "bounds": {
            "min_x": 13.693063937629153,
            "max_x": 20.53959590644373,
            "min_y": 5.935806194501845,
            "max_y": 6.235806194501846,
            "min_z": 6.6000000000000005,
            "max_z": 7.2
          }
        },
        {
          "type": "beam",
          "id": "BX38",
          "bounds": {
            "min_x": 20.53959590644373,
            "max_x": 27.386127875258307,
            "min_y": 5.935806194501845,
            "max_y": 6.235806194501846,
            "min_z": 6.6000000000000005,
            "max_z": 7.2
          }
        },
        {
          "type": "beam",
          "id": "BX39",
          "bounds": {
            "min_x": 0.0,
            "max_x": 6.846531968814577,
            "min_y": 12.02161238900369,
            "max_y": 12.321612389003691,
            "min_z": 6.6000000000000005,
            "max_z": 7.2
          }
        },
        {
          "type": "beam",
          "id": "BX40",
          "bounds": {
            "min_x": 6.846531968814577,
            "max_x": 13.693063937629153,
            "min_y": 12.02161238900369,
            "max_y": 12.321612389003691,
            "min_z": 6.6000000000000005,
            "max_z": 7.2
          }
        },
        {
          "type": "beam",
          "id": "BX41",
          "bounds": {
            "min_x": 13.693063937629153,
            "max_x": 20.53959590644373,
            "min_y": 12.02161238900369,
            "max_y": 12.321612389003691,
            "min_z": 6.6000000000000005,
            "max_z": 7.2
          }
        },
        {
          "type": "beam",
          "id": "BX42",
          "bounds": {
            "min_x": 20.53959590644373,
            "max_x": 27.386127875258307,
            "min_y": 12.02161238900369,
            "max_y": 12.321612389003691,
            "min_z": 6.6000000000000005,
            "max_z": 7.2
          }
        },
        {
          "type": "beam",
          "id": "BX43",
          "bounds": {
            "min_x": 0.0,
            "max_x": 6.846531968814577,
            "min_y": 18.107418583505538,
            "max_y": 18.407418583505535,
            "min_z": 6.6000000000000005,
            "max_z": 7.2
          }
        },
        {
          "type": "beam",
          "id": "BX44",
          "bounds": {
            "min_x": 6.846531968814577,
            "max_x": 13.693063937629153,
            "min_y": 18.107418583505538,
            "max_y": 18.407418583505535,
            "min_z": 6.6000000000000005,
            "max_z": 7.2
          }
        },
        {
          "type": "beam",
          "id": "BX45",
          "bounds": {
            "min_x": 13.693063937629153,
            "max_x": 20.53959590644373,
            "min_y": 18.107418583505538,
            "max_y": 18.407418583505535,
            "min_z": 6.6000000000000005,
            "max_z": 7.2
          }
        },
        {
          "type": "beam",
          "id": "BX46",
          "bounds": {
            "min_x": 20.53959590644373,
            "max_x": 27.386127875258307,
            "min_y": 18.107418583505538,
            "max_y": 18.407418583505535,
            "min_z": 6.6000000000000005,
            "max_z": 7.2
          }
        },
        {
          "type": "beam",
          "id": "BY47",
          "bounds": {
            "min_x": 0.0,
            "max_x": 0.0,
            "min_y": -0.15,
            "max_y": 6.235806194501846,
            "min_z": 6.65,
            "max_z": 7.2
          }
        },
        {
          "type": "beam",
          "id": "BY48",
          "bounds": {
            "min_x": 0.0,
            "max_x": 0.0,
            "min_y": 5.935806194501845,
            "max_y": 12.321612389003691,
            "min_z": 6.65,
            "max_z": 7.2
          }
        },
        {
          "type": "beam",
          "id": "BY49",
          "bounds": {
            "min_x": 0.0,
            "max_x": 0.0,
            "min_y": 12.02161238900369,
            "max_y": 18.407418583505535,
            "min_z": 6.65,
            "max_z": 7.2
          }
        },
        {
          "type": "beam",
          "id": "BY50",
          "bounds": {
            "min_x": 6.846531968814577,
            "max_x": 6.846531968814577,
            "min_y": -0.15,
            "max_y": 6.235806194501846,
            "min_z": 6.65,
            "max_z": 7.2
          }
        },
        {
          "type": "beam",
          "id": "BY51",
          "bounds": {
            "min_x": 6.846531968814577,
            "max_x": 6.846531968814577,
            "min_y": 5.935806194501845,
            "max_y": 12.321612389003691,
            "min_z": 6.65,
            "max_z": 7.2
          }
        },
        {
          "type": "beam",
          "id": "BY52",
          "bounds": {
            "min_x": 6.846531968814577,
            "max_x": 6.846531968814577,
            "min_y": 12.02161238900369,
            "max_y": 18.407418583505535,
            "min_z": 6.65,
            "max_z": 7.2
          }
        },
        {
          "type": "beam",
          "id": "BY53",
          "bounds": {
            "min_x": 13.693063937629153,
            "max_x": 13.693063937629153,
            "min_y": -0.15,
            "max_y": 6.235806194501846,
            "min_z": 6.65,
            "max_z": 7.2
          }
        },
        {
          "type": "beam",
          "id": "BY54",
          "bounds": {
            "min_x": 13.693063937629153,
            "max_x": 13.693063937629153,
            "min_y": 5.935806194501845,
            "max_y": 12.321612389003691,
            "min_z": 6.65,
            "max_z": 7.2
          }
        },
        {
          "type": "beam",
          "id": "BY55",
          "bounds": {
            "min_x": 13.693063937629153,
            "max_x": 13.693063937629153,
            "min_y": 12.02161238900369,
            "max_y": 18.407418583505535,
            "min_z": 6.65,
            "max_z": 7.2
          }
        },
        {
          "type": "beam",
          "id": "BY56",
          "bounds": {
            "min_x": 20.53959590644373,
            "max_x": 20.53959590644373,
            "min_y": -0.15,
            "max_y": 6.235806194501846,
            "min_z": 6.65,
            "max_z": 7.2
          }
        },
        {
          "type": "beam",
          "id": "BY57",
          "bounds": {
            "min_x": 20.53959590644373,
            "max_x": 20.53959590644373,
            "min_y": 5.935806194501845,
            "max_y": 12.321612389003691,
            "min_z": 6.65,
            "max_z": 7.2
          }
        },
        {
          "type": "beam",
          "id": "BY58",
          "bounds": {
            "min_x": 20.53959590644373,
            "max_x": 20.53959590644373,
            "min_y": 12.02161238900369,
            "max_y": 18.407418583505535,
            "min_z": 6.65,
            "max_z": 7.2
          }
        },
        {
          "type": "beam",
          "id": "BY59",
          "bounds": {
            "min_x": 27.386127875258307,
            "max_x": 27.386127875258307,
            "min_y": -0.15,
            "max_y": 6.235806194501846,
            "min_z": 6.65,
            "max_z": 7.2
          }
        },
        {
          "type": "beam",
          "id": "BY60",
          "bounds": {
            "min_x": 27.386127875258307,
            "max_x": 27.386127875258307,
            "min_y": 5.935806194501845,
            "max_y": 12.321612389003691,
            "min_z": 6.65,
            "max_z": 7.2
          }
        },
        {
          "type": "beam",
          "id": "BY61",
          "bounds": {
            "min_x": 27.386127875258307,
            "max_x": 27.386127875258307,
            "min_y": 12.02161238900369,
            "max_y": 18.407418583505535,
            "min_z": 6.65,
            "max_z": 7.2
          }
        }
      ],
      "grid": {
        "x": [
          0.0,
          6.846531968814577,
          13.693063937629153,
          20.53959590644373,
          27.386127875258307
        ],
        "y": [
          0.0,
          6.085806194501846,
          12.171612389003691,
          18.257418583505537
        ]
      }
    }
  },
  "geometry": {
    "elements": [
      {
        "type": "column",
        "id": "C1",
        "bounds": {
          "min_x": -0.15,
          "max_x": 0.15,
          "min_y": -0.15,
          "max_y": 0.15,
          "min_z": 0,
          "max_z": 7.2
        }
      },
      {
        "type": "column",
        "id": "C2",
        "bounds": {
          "min_x": -0.15,
          "max_x": 0.15,
          "min_y": 5.935806194501845,
          "max_y": 6.235806194501846,
          "min_z": 0,
          "max_z": 7.2
        }
      },
      {
        "type": "column",
        "id": "C3",
        "bounds": {
          "min_x": -0.15,
          "max_x": 0.15,
          "min_y": 12.02161238900369,
          "max_y": 12.321612389003691,
          "min_z": 0,
          "max_z": 7.2
        }
      },
      {
        "type": "column",
        "id": "C4",
        "bounds": {
          "min_x": -0.15,
          "max_x": 0.15,
          "min_y": 18.107418583505538,
          "max_y": 18.407418583505535,
          "min_z": 0,
          "max_z": 7.2
        }
      },
      {
        "type": "column",
        "id": "C5",
        "bounds": {
          "min_x": 6.696531968814576,
          "max_x": 6.996531968814577,
          "min_y": -0.15,
          "max_y": 0.15,
          "min_z": 0,
          "max_z": 7.2
        }
      },
      {
        "type": "column",
        "id": "C6",
        "bounds": {
          "min_x": 6.696531968814576,
          "max_x": 6.996531968814577,
          "min_y": 5.935806194501845,
          "max_y": 6.235806194501846,
          "min_z": 0,
          "max_z": 7.2
        }
      },
      {
        "type": "column",
        "id": "C7",
        "bounds": {
          "min_x": 6.696531968814576,
          "max_x": 6.996531968814577,
          "min_y": 12.02161238900369,
          "max_y": 12.321612389003691,
          "min_z": 0,
          "max_z": 7.2
        }
      },
      {
        "type": "column",
        "id": "C8",
        "bounds": {
          "min_x": 6.696531968814576,
          "max_x": 6.996531968814577,
          "min_y": 18.107418583505538,
          "max_y": 18.407418583505535,
          "min_z": 0,
          "max_z": 7.2
        }
      },
      {
        "type": "column",
        "id": "C9",
        "bounds": {
          "min_x": 13.543063937629153,
          "max_x": 13.843063937629154,
          "min_y": -0.15,
          "max_y": 0.15,
          "min_z": 0,
          "max_z": 7.2
        }
      },
      {
        "type": "column",
        "id": "C10",
        "bounds": {
          "min_x": 13.543063937629153,
          "max_x": 13.843063937629154,
          "min_y": 5.935806194501845,
          "max_y": 6.235806194501846,
          "min_z": 0,
          "max_z": 7.2
        }
      },
      {
        "type": "column",
        "id": "C11",
        "bounds": {
          "min_x": 13.543063937629153,
          "max_x": 13.843063937629154,
          "min_y": 12.02161238900369,
          "max_y": 12.321612389003691,
          "min_z": 0,
          "max_z": 7.2
        }
      },
      {
        "type": "column",
        "id": "C12",
        "bounds": {
          "min_x": 13.543063937629153,
          "max_x": 13.843063937629154,
          "min_y": 18.107418583505538,
          "max_y": 18.407418583505535,
          "min_z": 0,
          "max_z": 7.2
        }
      },
      {
        "type": "column",
        "id": "C13",
        "bounds": {
          "min_x": 20.38959590644373,
          "max_x": 20.689595906443728,
          "min_y": -0.15,
          "max_y": 0.15,
          "min_z": 0,
          "max_z": 7.2
        }
      },
      {
        "type": "column",
        "id": "C14",
        "bounds": {
          "min_x": 20.38959590644373,
          "max_x": 20.689595906443728,
          "min_y": 5.935806194501845,
          "max_y": 6.235806194501846,
          "min_z": 0,
          "max_z": 7.2
        }
      },
      {
        "type": "column",
        "id": "C15",
        "bounds": {
          "min_x": 20.38959590644373,
          "max_x": 20.689595906443728,
          "min_y": 12.02161238900369,
          "max_y": 12.321612389003691,
          "min_z": 0,
          "max_z": 7.2
        }
      },
      {
        "type": "column",
        "id": "C16",
        "bounds": {
          "min_x": 20.38959590644373,
          "max_x": 20.689595906443728,
          "min_y": 18.107418583505538,
          "max_y": 18.407418583505535,
          "min_z": 0,
          "max_z": 7.2
        }
      },
      {
        "type": "column",
        "id": "C17",
        "bounds": {
          "min_x": 27.23612787525831,
          "max_x": 27.536127875258305,
          "min_y": -0.15,
          "max_y": 0.15,
          "min_z": 0,
          "max_z": 7.2
        }
      },
      {
        "type": "column",
        "id": "C18",
        "bounds": {
          "min_x": 27.23612787525831,
          "max_x": 27.536127875258305,
          "min_y": 5.935806194501845,
          "max_y": 6.235806194501846,
          "min_z": 0,
          "max_z": 7.2
        }
      },
      {
        "type": "column",
        "id": "C19",
        "bounds": {
          "min_x": 27.23612787525831,
          "max_x": 27.536127875258305,
          "min_y": 12.02161238900369,
          "max_y": 12.321612389003691,
          "min_z": 0,
          "max_z": 7.2
        }
      },
      {
        "type": "column",
        "id": "C20",
        "bounds": {
          "min_x": 27.23612787525831,
          "max_x": 27.536127875258305,
          "min_y": 18.107418583505538,
          "max_y": 18.407418583505535,
          "min_z": 0,
          "max_z": 7.2
        }
      },
      {
        "type": "beam",
        "id": "BX0",
        "bounds": {
          "min_x": 0.0,
          "max_x": 6.846531968814577,
          "min_y": -0.15,
          "max_y": 0.15,
          "min_z": 3.0,
          "max_z": 3.6
        }
      },
      {
        "type": "beam",
        "id": "BX1",
        "bounds": {
          "min_x": 6.846531968814577,
          "max_x": 13.693063937629153,
          "min_y": -0.15,
          "max_y": 0.15,
          "min_z": 3.0,
          "max_z": 3.6
        }
      },
      {
        "type": "beam",
        "id": "BX2",
        "bounds": {
          "min_x": 13.693063937629153,
          "max_x": 20.53959590644373,
          "min_y": -0.15,
          "max_y": 0.15,
          "min_z": 3.0,
          "max_z": 3.6
        }
      },
      {
        "type": "beam",
        "id": "BX3",
        "bounds": {
          "min_x": 20.53959590644373,
          "max_x": 27.386127875258307,
          "min_y": -0.15,
          "max_y": 0.15,
          "min_z": 3.0,
          "max_z": 3.6
        }
      },
      {
        "type": "beam",
        "id": "BX4",
        "bounds": {
          "min_x": 0.0,
          "max_x": 6.846531968814577,
          "min_y": 5.935806194501845,
          "max_y": 6.235806194501846,
          "min_z": 3.0,
          "max_z": 3.6
        }
      },
      {
        "type": "beam",
        "id": "BX5",
        "bounds": {
          "min_x": 6.846531968814577,
          "max_x": 13.693063937629153,
          "min_y": 5.935806194501845,
          "max_y": 6.235806194501846,
          "min_z": 3.0,
          "max_z": 3.6
        }
      },
      {
        "type": "beam",
        "id": "BX6",
        "bounds": {
          "min_x": 13.693063937629153,
          "max_x": 20.53959590644373,
          "min_y": 5.935806194501845,
          "max_y": 6.235806194501846,
          "min_z": 3.0,
          "max_z": 3.6
        }
      },
      {
        "type": "beam",
        "id": "BX7",
        "bounds": {
          "min_x": 20.53959590644373,
          "max_x": 27.386127875258307,
          "min_y": 5.935806194501845,
          "max_y": 6.235806194501846,
          "min_z": 3.0,
          "max_z": 3.6
        }
      },
      {
        "type": "beam",
        "id": "BX8",
        "bounds": {
          "min_x": 0.0,
          "max_x": 6.846531968814577,
          "min_y": 12.02161238900369,
          "max_y": 12.321612389003691,
          "min_z": 3.0,
          "max_z": 3.6
        }
      },
      {
        "type": "beam",
        "id": "BX9",
        "bounds": {
          "min_x": 6.846531968814577,
          "max_x": 13.693063937629153,
          "min_y": 12.02161238900369,
          "max_y": 12.321612389003691,
          "min_z": 3.0,
          "max_z": 3.6
        }
      },
      {
        "type": "beam",
        "id": "BX10",
        "bounds": {
          "min_x": 13.693063937629153,
          "max_x": 20.53959590644373,
          "min_y": 12.02161238900369,
          "max_y": 12.321612389003691,
          "min_z": 3.0,
          "max_z": 3.6
        }
      },
      {
        "type": "beam",
        "id": "BX11",
        "bounds": {
          "min_x": 20.53959590644373,
          "max_x": 27.386127875258307,
          "min_y": 12.02161238900369,
          "max_y": 12.321612389003691,
          "min_z": 3.0,
          "max_z": 3.6
        }
      },
      {
        "type": "beam",
        "id": "BX12",
        "bounds": {
          "min_x": 0.0,
          "max_x": 6.846531968814577,
          "min_y": 18.107418583505538,
          "max_y": 18.407418583505535,
          "min_z": 3.0,
          "max_z": 3.6
        }
      },
      {
        "type": "beam",
        "id": "BX13",
        "bounds": {
          "min_x": 6.846531968814577,
          "max_x": 13.693063937629153,
          "min_y": 18.107418583505538,
          "max_y": 18.407418583505535,
          "min_z": 3.0,
          "max_z": 3.6
        }
      },
      {
        "type": "beam",
        "id": "BX14",
        "bounds": {
          "min_x": 13.693063937629153,
          "max_x": 20.53959590644373,
          "min_y": 18.107418583505538,
          "max_y": 18.407418583505535,
          "min_z": 3.0,
          "max_z": 3.6
        }
      },
      {
        "type": "beam",
        "id": "BX15",
        "bounds": {
          "min_x": 20.53959590644373,
          "max_x": 27.386127875258307,
          "min_y": 18.107418583505538,
          "max_y": 18.407418583505535,
          "min_z": 3.0,
          "max_z": 3.6
        }
      },
      {
        "type": "beam",
        "id": "BY16",
        "bounds": {
          "min_x": 0.0,
          "max_x": 0.0,
          "min_y": -0.15,
          "max_y": 6.235806194501846,
          "min_z": 3.05,
          "max_z": 3.6
        }
      },
      {
        "type": "beam",
        "id": "BY17",
        "bounds": {
          "min_x": 0.0,
          "max_x": 0.0,
          "min_y": 5.935806194501845,
          "max_y": 12.321612389003691,
          "min_z": 3.05,
          "max_z": 3.6
        }
      },
      {
        "type": "beam",
        "id": "BY18",
        "bounds": {
          "min_x": 0.0,
          "max_x": 0.0,
          "min_y": 12.02161238900369,
          "max_y": 18.407418583505535,
          "min_z": 3.05,
          "max_z": 3.6
        }
      },
      {
        "type": "beam",
        "id": "BY19",
        "bounds": {
          "min_x": 6.846531968814577,
          "max_x": 6.846531968814577,
          "min_y": -0.15,
          "max_y": 6.235806194501846,
          "min_z": 3.05,
          "max_z": 3.6
        }
      },
      {
        "type": "beam",
        "id": "BY20",
        "bounds": {
          "min_x": 6.846531968814577,
          "max_x": 6.846531968814577,
          "min_y": 5.935806194501845,
          "max_y": 12.321612389003691,
          "min_z": 3.05,
          "max_z": 3.6
        }
      },
      {
        "type": "beam",
        "id": "BY21",
        "bounds": {
          "min_x": 6.846531968814577,
          "max_x": 6.846531968814577,
          "min_y": 12.02161238900369,
          "max_y": 18.407418583505535,
          "min_z": 3.05,
          "max_z": 3.6
        }
      },
      {
        "type": "beam",
        "id": "BY22",
        "bounds": {
          "min_x": 13.693063937629153,
          "max_x": 13.693063937629153,
          "min_y": -0.15,
          "max_y": 6.235806194501846,
          "min_z": 3.05,
          "max_z": 3.6
        }
      },
      {
        "type": "beam",
        "id": "BY23",
        "bounds": {
          "min_x": 13.693063937629153,
          "max_x": 13.693063937629153,
          "min_y": 5.935806194501845,
          "max_y": 12.321612389003691,
          "min_z": 3.05,
          "max_z": 3.6
        }
      },
      {
        "type": "beam",
        "id": "BY24",
        "bounds": {
          "min_x": 13.693063937629153,
          "max_x": 13.693063937629153,
          "min_y": 12.02161238900369,
          "max_y": 18.407418583505535,
          "min_z": 3.05,
          "max_z": 3.6
        }
      },
      {
        "type": "beam",
        "id": "BY25",
        "bounds": {
          "min_x": 20.53959590644373,
          "max_x": 20.53959590644373,
          "min_y": -0.15,
          "max_y": 6.235806194501846,
          "min_z": 3.05,
          "max_z": 3.6
        }
      },
      {
        "type": "beam",
        "id": "BY26",
        "bounds": {
          "min_x": 20.53959590644373,
          "max_x": 20.53959590644373,
          "min_y": 5.935806194501845,
          "max_y": 12.321612389003691,
          "min_z": 3.05,
          "max_z": 3.6
        }
      },
      {
        "type": "beam",
        "id": "BY27",
        "bounds": {
          "min_x": 20.53959590644373,
          "max_x": 20.53959590644373,
          "min_y": 12.02161238900369,
          "max_y": 18.407418583505535,
          "min_z": 3.05,
          "max_z": 3.6
        }
      },
      {
        "type": "beam",
        "id": "BY28",
        "bounds": {
          "min_x": 27.386127875258307,
          "max_x": 27.386127875258307,
          "min_y": -0.15,
          "max_y": 6.235806194501846,
          "min_z": 3.05,
          "max_z": 3.6
        }
      },
      {
        "type": "beam",
        "id": "BY29",
        "bounds": {
          "min_x": 27.386127875258307,
          "max_x": 27.386127875258307,
          "min_y": 5.935806194501845,
          "max_y": 12.321612389003691,
          "min_z": 3.05,
          "max_z": 3.6
        }
      },
      {
        "type": "beam",
        "id": "BY30",
        "bounds": {
          "min_x": 27.386127875258307,
          "max_x": 27.386127875258307,
          "min_y": 12.02161238900369,
          "max_y": 18.407418583505535,
          "min_z": 3.05,
          "max_z": 3.6
        }
      },
      {
        "type": "beam",
        "id": "BX31",
        "bounds": {
          "min_x": 0.0,
          "max_x": 6.846531968814577,
          "min_y": -0.15,
          "max_y": 0.15,
          "min_z": 6.6000000000000005,
          "max_z": 7.2
        }
      },
      {
        "type": "beam",
        "id": "BX32",
        "bounds": {
          "min_x": 6.846531968814577,
          "max_x": 13.693063937629153,
          "min_y": -0.15,
          "max_y": 0.15,
          "min_z": 6.6000000000000005,
          "max_z": 7.2
        }
      },
      {
        "type": "beam",
        "id": "BX33",
        "bounds": {
          "min_x": 13.693063937629153,
          "max_x": 20.53959590644373,
          "min_y": -0.15,
          "max_y": 0.15,
          "min_z": 6.6000000000000005,
          "max_z": 7.2
        }
      },
      {
        "type": "beam",
        "id": "BX34",
        "bounds": {
          "min_x": 20.53959590644373,
          "max_x": 27.386127875258307,
          "min_y": -0.15,
          "max_y": 0.15,
          "min_z": 6.6000000000000005,
          "max_z": 7.2
        }
      },
      {
        "type": "beam",
        "id": "BX35",
        "bounds": {
          "min_x": 0.0,
          "max_x": 6.846531968814577,
          "min_y": 5.935806194501845,
          "max_y": 6.235806194501846,
          "min_z": 6.6000000000000005,
          "max_z": 7.2
        }
      },
      {
        "type": "beam",
        "id": "BX36",
        "bounds": {
          "min_x": 6.846531968814577,
          "max_x": 13.693063937629153,
          "min_y": 5.935806194501845,
          "max_y": 6.235806194501846,
          "min_z": 6.6000000000000005,
          "max_z": 7.2
        }
      },
      {
        "type": "beam",
        "id": "BX37",
        "bounds": {
          "min_x": 13.693063937629153,
          "max_x": 20.53959590644373,
          "min_y": 5.935806194501845,
          "max_y": 6.235806194501846,
          "min_z": 6.6000000000000005,
          "max_z": 7.2
        }
      },
      {
        "type": "beam",
        "id": "BX38",
        "bounds": {
          "min_x": 20.53959590644373,
          "max_x": 27.386127875258307,
          "min_y": 5.935806194501845,
          "max_y": 6.235806194501846,
          "min_z": 6.6000000000000005,
          "max_z": 7.2
        }
      },
      {
        "type": "beam",
        "id": "BX39",
        "bounds": {
          "min_x": 0.0,
          "max_x": 6.846531968814577,
          "min_y": 12.02161238900369,
          "max_y": 12.321612389003691,
          "min_z": 6.6000000000000005,
          "max_z": 7.2
        }
      },
      {
        "type": "beam",
        "id": "BX40",
        "bounds": {
          "min_x": 6.846531968814577,
          "max_x": 13.693063937629153,
          "min_y": 12.02161238900369,
          "max_y": 12.321612389003691,
          "min_z": 6.6000000000000005,
          "max_z": 7.2
        }
      },
      {
        "type": "beam",
        "id": "BX41",
        "bounds": {
          "min_x": 13.693063937629153,
          "max_x": 20.53959590644373,
          "min_y": 12.02161238900369,
          "max_y": 12.321612389003691,
          "min_z": 6.6000000000000005,
          "max_z": 7.2
        }
      },
      {
        "type": "beam",
        "id": "BX42",
        "bounds": {
          "min_x": 20.53959590644373,
          "max_x": 27.386127875258307,
          "min_y": 12.02161238900369,
          "max_y": 12.321612389003691,
          "min_z": 6.6000000000000005,
          "max_z": 7.2
        }
      },
      {
        "type": "beam",
        "id": "BX43",
        "bounds": {
          "min_x": 0.0,
          "max_x": 6.846531968814577,
          "min_y": 18.107418583505538,
          "max_y": 18.407418583505535,
          "min_z": 6.6000000000000005,
          "max_z": 7.2
        }
      },
      {
        "type": "beam",
        "id": "BX44",
        "bounds": {
          "min_x": 6.846531968814577,
          "max_x": 13.693063937629153,
          "min_y": 18.107418583505538,
          "max_y": 18.407418583505535,
          "min_z": 6.6000000000000005,
          "max_z": 7.2
        }
      },
      {
        "type": "beam",
        "id": "BX45",
        "bounds": {
          "min_x": 13.693063937629153,
          "max_x": 20.53959590644373,
          "min_y": 18.107418583505538,
          "max_y": 18.407418583505535,
          "min_z": 6.6000000000000005,
          "max_z": 7.2
        }
      },
      {
        "type": "beam",
        "id": "BX46",
        "bounds": {
          "min_x": 20.53959590644373,
          "max_x": 27.386127875258307,
          "min_y": 18.107418583505538,
          "max_y": 18.407418583505535,
          "min_z": 6.6000000000000005,
          "max_z": 7.2
        }
      },
      {
        "type": "beam",
        "id": "BY47",
        "bounds": {
          "min_x": 0.0,
          "max_x": 0.0,
          "min_y": -0.15,
          "max_y": 6.235806194501846,
          "min_z": 6.65,
          "max_z": 7.2
        }
      },
      {
        "type": "beam",
        "id": "BY48",
        "bounds": {
          "min_x": 0.0,
          "max_x": 0.0,
          "min_y": 5.935806194501845,
          "max_y": 12.321612389003691,
          "min_z": 6.65,
          "max_z": 7.2
        }
      },
      {
        "type": "beam",
        "id": "BY49",
        "bounds": {
          "min_x": 0.0,
          "max_x": 0.0,
          "min_y": 12.02161238900369,
          "max_y": 18.407418583505535,
          "min_z": 6.65,
          "max_z": 7.2
        }
      },
      {
        "type": "beam",
        "id": "BY50",
        "bounds": {
          "min_x": 6.846531968814577,
          "max_x": 6.846531968814577,
          "min_y": -0.15,
          "max_y": 6.235806194501846,
          "min_z": 6.65,
          "max_z": 7.2
        }
      },
      {
        "type": "beam",
        "id": "BY51",
        "bounds": {
          "min_x": 6.846531968814577,
          "max_x": 6.846531968814577,
          "min_y": 5.935806194501845,
          "max_y": 12.321612389003691,
          "min_z": 6.65,
          "max_z": 7.2
        }
      },
      {
        "type": "beam",
        "id": "BY52",
        "bounds": {
          "min_x": 6.846531968814577,
          "max_x": 6.846531968814577,
          "min_y": 12.02161238900369,
          "max_y": 18.407418583505535,
          "min_z": 6.65,
          "max_z": 7.2
        }
      },
      {
        "type": "beam",
        "id": "BY53",
        "bounds": {
          "min_x": 13.693063937629153,
          "max_x": 13.693063937629153,
          "min_y": -0.15,
          "max_y": 6.235806194501846,
          "min_z": 6.65,
          "max_z": 7.2
        }
      },
      {
        "type": "beam",
        "id": "BY54",
        "bounds": {
          "min_x": 13.693063937629153,
          "max_x": 13.693063937629153,
          "min_y": 5.935806194501845,
          "max_y": 12.321612389003691,
          "min_z": 6.65,
          "max_z": 7.2
        }
      },
      {
        "type": "beam",
        "id": "BY55",
        "bounds": {
          "min_x": 13.693063937629153,
          "max_x": 13.693063937629153,
          "min_y": 12.02161238900369,
          "max_y": 18.407418583505535,
          "min_z": 6.65,
          "max_z": 7.2
        }
      },
      {
        "type": "beam",
        "id": "BY56",
        "bounds": {
          "min_x": 20.53959590644373,
          "max_x": 20.53959590644373,
          "min_y": -0.15,
          "max_y": 6.235806194501846,
          "min_z": 6.65,
          "max_z": 7.2
        }
      },
      {
        "type": "beam",
        "id": "BY57",
        "bounds": {
          "min_x": 20.53959590644373,
          "max_x": 20.53959590644373,
          "min_y": 5.935806194501845,
          "max_y": 12.321612389003691,
          "min_z": 6.65,
          "max_z": 7.2
        }
      },
      {
        "type": "beam",
        "id": "BY58",
        "bounds": {
          "min_x": 20.53959590644373,
          "max_x": 20.53959590644373,
          "min_y": 12.02161238900369,
          "max_y": 18.407418583505535,
          "min_z": 6.65,
          "max_z": 7.2
        }
      },
      {
        "type": "beam",
        "id": "BY59",
        "bounds": {
          "min_x": 27.386127875258307,
          "max_x": 27.386127875258307,
          "min_y": -0.15,
          "max_y": 6.235806194501846,
          "min_z": 6.65,
          "max_z": 7.2
        }
      },
      {
        "type": "beam",
        "id": "BY60",
        "bounds": {
          "min_x": 27.386127875258307,
          "max_x": 27.386127875258307,
          "min_y": 5.935806194501845,
          "max_y": 12.321612389003691,
          "min_z": 6.65,
          "max_z": 7.2
        }
      },
      {
        "type": "beam",
        "id": "BY61",
        "bounds": {
          "min_x": 27.386127875258307,
          "max_x": 27.386127875258307,
          "min_y": 12.02161238900369,
          "max_y": 18.407418583505535,
          "min_z": 6.65,
          "max_z": 7.2
        }
      }
    ],
    "grid": {
      "x": [
        0.0,
        6.846531968814577,
        13.693063937629153,
        20.53959590644373,
        27.386127875258307
      ],
      "y": [
        0.0,
        6.085806194501846,
        12.171612389003691,
        18.257418583505537
      ]
    }
  },
  "metrics": {
    "concrete_volume": 332.5207648031561,
    "steel_weight": 0,
    "column_count": 20,
    "beam_count": 62,
    "avg_column_utilization": 0.025073242187500004,
    "avg_beam_utilization": 0.05620467380294739,
    "max_drift_ratio": 0.17366161448422318,
    "fundamental_period": 0.3076786861247154
  },
  "decisions": [
    {
      "id": "structural_0_1769330357",
      "decision": "analysis_complete",
      "reasoning": "Analyzed 2-story structure with 6.846531968814578m spans",
      "confidence": 0.8,
      "timestamp": "2026-01-25T11:39:17.707070"
    },
    {
      "id": "structural_1_1769330357",
      "decision": "analysis_complete",
      "reasoning": "Completed analysis with 0 requirements identified",
      "confidence": 0.8,
      "timestamp": "2026-01-25T11:39:17.707076"
    },
    {
      "id": "structural_2_1769330357",
      "decision": "system_selected",
      "reasoning": "Selected flat_slab with concrete for 2-story residential. This system provides optimal balance of structural efficiency, architectural flexibility, and cost-effectiveness.",
      "confidence": 0.85,
      "timestamp": "2026-01-25T11:39:17.707140"
    },
    {
      "id": "structural_3_1769330357",
      "decision": "design_complete",
      "reasoning": "Designed flat_slab system with 20 columns, 62 beams",
      "confidence": 0.8,
      "timestamp": "2026-01-25T11:39:17.707451"
    },
    {
      "id": "structural_4_1769330357",
      "decision": "design_generated",
      "reasoning": "Generated initial design with 0 elements",
      "confidence": 0.8,
      "timestamp": "2026-01-25T11:39:17.707460"
    }
  ],
  "conflicts": [],
  "warnings": [
    "Drift ratio 0.0322 exceeds limit 0.015"
  ],
  "execution_time": 0.000472,
  "created_at": "2026-01-25T11:39:17.707502"
}