[
  {
    "agent": "architectural",
    "decision": "analysis_complete",
    "reasoning": "Analyzed office building with 28500.0m\u00b2 GFA",
    "confidence": 0.9,
    "timestamp": "2026-01-17T18:38:05.332899"
  },
  {
    "agent": "architectural",
    "decision": "analysis_complete",
    "reasoning": "Completed analysis with 5 requirements identified",
    "confidence": 0.8,
    "timestamp": "2026-01-17T18:38:05.332912"
  },
  {
    "agent": "architectural",
    "decision": "design_generated",
    "reasoning": "Generated 32 floor plans with rectangular massing",
    "confidence": 0.85,
    "timestamp": "2026-01-17T18:38:05.352128"
  },
  {
    "agent": "architectural",
    "decision": "design_generated",
    "reasoning": "Generated initial design with 0 elements",
    "confidence": 0.8,
    "timestamp": "2026-01-17T18:38:05.352144"
  },
  {
    "agent": "architectural",
    "decision": "validation_complete",
    "reasoning": "Validation failed with 97 issues",
    "confidence": 0.7,
    "timestamp": "2026-01-17T18:38:05.352671"
  }
]