{
  "resolved": [],
  "unresolved": [
    {
      "id": "conflict_mep_structural_0",
      "type": "mep_clearance",
      "priority": 80,
      "source": "mep",
      "target": "structural",
      "description": "Duct D_main_0 height 0.98m exceeds available plenum 0.09999999999999987m"
    },
    {
      "id": "conflict_mep_structural_1",
      "type": "mep_clearance",
      "priority": 80,
      "source": "mep",
      "target": "structural",
      "description": "Duct D_branch_1 height 0.21m exceeds available plenum 0.09999999999999987m"
    },
    {
      "id": "conflict_mep_structural_2",
      "type": "mep_clearance",
      "priority": 80,
      "source": "mep",
      "target": "structural",
      "description": "Duct D_branch_2 height 0.21m exceeds available plenum 0.09999999999999987m"
    },
    {
      "id": "conflict_mep_structural_3",
      "type": "mep_clearance",
      "priority": 80,
      "source": "mep",
      "target": "structural",
      "description": "Duct D_branch_3 height 0.12m exceeds available plenum 0.09999999999999987m"
    },
    {
      "id": "conflict_mep_structural_4",
      "type": "mep_clearance",
      "priority": 80,
      "source": "mep",
      "target": "structural",
      "description": "Duct D_branch_4 height 0.12m exceeds available plenum 0.09999999999999987m"
    },
    {
      "id": "conflict_mep_structural_5",
      "type": "mep_clearance",
      "priority": 80,
      "source": "mep",
      "target": "structural",
      "description": "Duct D_branch_5 height 0.31m exceeds available plenum 0.09999999999999987m"
    },
    {
      "id": "conflict_mep_structural_6",
      "type": "mep_clearance",
      "priority": 80,
      "source": "mep",
      "target": "structural",
      "description": "Duct D_branch_6 height 0.31m exceeds available plenum 0.09999999999999987m"
    }
  ]
}