{
  "agent_name": "mep",
  "status": "completed",
  "design_data": {
    "hvac": {
      "system_type": "variable_air_volume",
      "cooling_capacity_kw": 185.07161984490344,
      "ahus": [
        {
          "id": "AHU_0_0",
          "location": {
            "x": 18.027756377319946,
            "y": 12.867504905630728,
            "z": 0.0
          },
          "cooling_capacity_kw": 185.07161984490344,
          "airflow_m3h": 55521.485953471034,
          "zones_served": [
            "zone_0",
            "zone_1",
            "zone_2",
            "zone_3",
            "zone_4",
            "zone_5",
            "zone_6",
            "zone_7",
            "zone_8",
            "zone_9",
            "zone_10",
            "zone_11",
            "zone_12",
            "zone_13",
            "zone_14",
            "zone_15",
            "zone_16",
            "zone_17",
            "zone_18",
            "zone_19",
            "zone_20",
            "zone_21",
            "zone_22",
            "zone_23",
            "zone_24",
            "zone_25",
            "zone_26",
            "zone_27",
            "zone_28",
            "zone_29",
            "zone_30",
            "zone_31",
            "zone_32",
            "zone_33",
            "zone_34"
          ],
          "dimensions": {
            "l": 3.0,
            "w": 2.0,
            "h": 2.5
          }
        }
      ],
      "ductwork": [
        {
          "id": "D_main_0",
          "type": "supply",
          "start": {
            "x": 18.027756377319946,
            "y": 12.867504905630728,
            "z": 0.0
          },
          "end": {
            "x": 35.05551275463989,
            "y": 12.867504905630728,
            "z": 0.0
          },
          "width": 1.96,
          "height": 0.98,
          "airflow": 55521.485953471034,
          "velocity": 8,
          "bounds": {
            "min_x": 18.027756377319946,
            "max_x": 35.05551275463989,
            "min_y": 11.887504905630728,
            "max_y": 13.847504905630728,
            "min_z": 0.0,
            "max_z": 0.98
          }
        },
        {
          "id": "D_branch_1",
          "type": "supply",
          "start": {
            "x": 35.05551275463989,
            "y": 12.867504905630728,
            "z": 0.0
          },
          "end": {
            "x": 35.05551275463989,
            "y": 0.5,
            "z": 0.0
          },
          "width": 0.32,
          "height": 0.21,
          "airflow": 1432.6608298393257,
          "velocity": 6,
          "bounds": {
            "min_x": 35.05551275463989,
            "max_x": 35.05551275463989,
            "min_y": 0.33999999999999997,
            "max_y": 13.027504905630728,
            "min_z": 0.0,
            "max_z": 0.21
          }
        },
        {
          "id": "D_branch_2",
          "type": "supply",
          "start": {
            "x": 35.05551275463989,
            "y": 12.867504905630728,
            "z": 0.0
          },
          "end": {
            "x": 35.05551275463989,
            "y": 9.245003270420485,
            "z": 0.0
          },
          "width": 0.32,
          "height": 0.21,
          "airflow": 1432.6608298393257,
          "velocity": 6,
          "bounds": {
            "min_x": 35.05551275463989,
            "max_x": 35.05551275463989,
            "min_y": 9.085003270420485,
            "max_y": 13.027504905630728,
            "min_z": 0.0,
            "max_z": 0.21
          }
        },
        {
          "id": "D_branch_3",
          "type": "supply",
          "start": {
            "x": 35.05551275463989,
            "y": 12.867504905630728,
            "z": 0.0
          },
          "end": {
            "x": 35.05551275463989,
            "y": 18.49000654084097,
            "z": 0.0
          },
          "width": 0.18,
          "height": 0.12,
          "airflow": 452.73142161511475,
          "velocity": 6,
          "bounds": {
            "min_x": 35.05551275463989,
            "max_x": 35.05551275463989,
            "min_y": 12.777504905630728,
            "max_y": 18.58000654084097,
            "min_z": 0.0,
            "max_z": 0.12
          }
        },
        {
          "id": "D_branch_4",
          "type": "supply",
          "start": {
            "x": 35.05551275463989,
            "y": 12.867504905630728,
            "z": 0.0
          },
          "end": {
            "x": 35.05551275463989,
            "y": 26.735009811261456,
            "z": 0.0
          },
          "width": 0.19,
          "height": 0.12,
          "airflow": 503.7,
          "velocity": 6,
          "bounds": {
            "min_x": 35.05551275463989,
            "max_x": 35.05551275463989,
            "min_y": 12.772504905630727,
            "max_y": 26.830009811261455,
            "min_z": 0.0,
            "max_z": 0.12
          }
        },
        {
          "id": "D_branch_5",
          "type": "supply",
          "start": {
            "x": 35.05551275463989,
            "y": 12.867504905630728,
            "z": 0.0
          },
          "end": {
            "x": 35.05551275463989,
            "y": 0.5,
            "z": 0.0
          },
          "width": 0.47,
          "height": 0.31,
          "airflow": 3166.8868855960473,
          "velocity": 6,
          "bounds": {
            "min_x": 35.05551275463989,
            "max_x": 35.05551275463989,
            "min_y": 0.265,
            "max_y": 13.102504905630727,
            "min_z": 0.0,
            "max_z": 0.31
          }
        },
        {
          "id": "D_branch_6",
          "type": "supply",
          "start": {
            "x": 35.05551275463989,
            "y": 12.867504905630728,
            "z": 0.0
          },
          "end": {
            "x": 35.05551275463989,
            "y": 9.245003270420485,
            "z": 0.0
          },
          "width": 0.47,
          "height": 0.31,
          "airflow": 3132.319214200061,
          "velocity": 6,
          "bounds": {
            "min_x": 35.05551275463989,
            "max_x": 35.05551275463989,
            "min_y": 9.010003270420485,
            "max_y": 13.102504905630727,
            "min_z": 0.0,
            "max_z": 0.31
          }
        }
      ],
      "zones": [
        {
          "id": "zone_0",
          "name": "corridor_0_bottom",
          "floor_level": 0,
          "area": 232.10668108179976,
          "cooling_load": 4775.536099464419,
          "supply_air": 397.9613416220349,
          "fresh_air": 232.10668108179976
        },
        {
          "id": "zone_1",
          "name": "corridor_0_top",
          "floor_level": 0,
          "area": 232.10668108179982,
          "cooling_load": 4775.536099464419,
          "supply_air": 397.9613416220349,
          "fresh_air": 232.10668108179982
        },
        {
          "id": "zone_2",
          "name": "corridor_0_left",
          "floor_level": 0,
          "area": 78.71083169812309,
          "cooling_load": 1509.104738717049,
          "supply_air": 125.75872822642076,
          "fresh_air": 78.71083169812309
        },
        {
          "id": "zone_3",
          "name": "corridor_0_right",
          "floor_level": 0,
          "area": 83.33333333333333,
          "cooling_load": 1678.9999999999998,
          "supply_air": 139.91666666666666,
          "fresh_air": 83.33333333333333
        },
        {
          "id": "zone_4",
          "name": "Private Office 1",
          "floor_level": 0,
          "area": 74.4538926037931,
          "cooling_load": 10556.28961865349,
          "supply_air": 879.6908015544576,
          "fresh_air": 74.4538926037931
        },
        {
          "id": "zone_5",
          "name": "Meeting Room",
          "floor_level": 0,
          "area": 78.71083169812309,
          "cooling_load": 10441.064047333537,
          "supply_air": 870.0886706111281,
          "fresh_air": 78.71083169812309
        },
        {
          "id": "zone_6",
          "name": "Support 1",
          "floor_level": 0,
          "area": 74.45389260379311,
          "cooling_load": 3277.7933653477753,
          "supply_air": 273.1494471123146,
          "fresh_air": 74.45389260379311
        },
        {
          "id": "zone_7",
          "name": "corridor_1_bottom",
          "floor_level": 0,
          "area": 232.10668108179976,
          "cooling_load": 4775.536099464419,
          "supply_air": 397.9613416220349,
          "fresh_air": 232.10668108179976
        },
        {
          "id": "zone_8",
          "name": "corridor_1_top",
          "floor_level": 0,
          "area": 232.10668108179982,
          "cooling_load": 4775.536099464419,
          "supply_air": 397.9613416220349,
          "fresh_air": 232.10668108179982
        },
        {
          "id": "zone_9",
          "name": "corridor_1_left",
          "floor_level": 0,
          "area": 78.71083169812309,
          "cooling_load": 1509.104738717049,
          "supply_air": 125.75872822642076,
          "fresh_air": 78.71083169812309
        },
        {
          "id": "zone_10",
          "name": "corridor_1_right",
          "floor_level": 0,
          "area": 83.33333333333333,
          "cooling_load": 1678.9999999999998,
          "supply_air": 139.91666666666666,
          "fresh_air": 83.33333333333333
        },
        {
          "id": "zone_11",
          "name": "Private Office 1",
          "floor_level": 0,
          "area": 74.4538926037931,
          "cooling_load": 10556.28961865349,
          "supply_air": 879.6908015544576,
          "fresh_air": 74.4538926037931
        },
        {
          "id": "zone_12",
          "name": "Meeting Room",
          "floor_level": 0,
          "area": 78.71083169812309,
          "cooling_load": 10441.064047333537,
          "supply_air": 870.0886706111281,
          "fresh_air": 78.71083169812309
        },
        {
          "id": "zone_13",
          "name": "Support 1",
          "floor_level": 0,
          "area": 74.45389260379311,
          "cooling_load": 3277.7933653477753,
          "supply_air": 273.1494471123146,
          "fresh_air": 74.45389260379311
        },
        {
          "id": "zone_14",
          "name": "corridor_2_bottom",
          "floor_level": 0,
          "area": 232.10668108179976,
          "cooling_load": 4775.536099464419,
          "supply_air": 397.9613416220349,
          "fresh_air": 232.10668108179976
        },
        {
          "id": "zone_15",
          "name": "corridor_2_top",
          "floor_level": 0,
          "area": 232.10668108179982,
          "cooling_load": 4775.536099464419,
          "supply_air": 397.9613416220349,
          "fresh_air": 232.10668108179982
        },
        {
          "id": "zone_16",
          "name": "corridor_2_left",
          "floor_level": 0,
          "area": 78.71083169812309,
          "cooling_load": 1509.104738717049,
          "supply_air": 125.75872822642076,
          "fresh_air": 78.71083169812309
        },
        {
          "id": "zone_17",
          "name": "corridor_2_right",
          "floor_level": 0,
          "area": 83.33333333333333,
          "cooling_load": 1678.9999999999998,
          "supply_air": 139.91666666666666,
          "fresh_air": 83.33333333333333
        },
        {
          "id": "zone_18",
          "name": "Private Office 1",
          "floor_level": 0,
          "area": 74.4538926037931,
          "cooling_load": 10556.28961865349,
          "supply_air": 879.6908015544576,
          "fresh_air": 74.4538926037931
        },
        {
          "id": "zone_19",
          "name": "Meeting Room",
          "floor_level": 0,
          "area": 78.71083169812309,
          "cooling_load": 10441.064047333537,
          "supply_air": 870.0886706111281,
          "fresh_air": 78.71083169812309
        },
        {
          "id": "zone_20",
          "name": "Support 1",
          "floor_level": 0,
          "area": 74.45389260379311,
          "cooling_load": 3277.7933653477753,
          "supply_air": 273.1494471123146,
          "fresh_air": 74.45389260379311
        },
        {
          "id": "zone_21",
          "name": "corridor_3_bottom",
          "floor_level": 0,
          "area": 232.10668108179976,
          "cooling_load": 4775.536099464419,
          "supply_air": 397.9613416220349,
          "fresh_air": 232.10668108179976
        },
        {
          "id": "zone_22",
          "name": "corridor_3_top",
          "floor_level": 0,
          "area": 232.10668108179982,
          "cooling_load": 4775.536099464419,
          "supply_air": 397.9613416220349,
          "fresh_air": 232.10668108179982
        },
        {
          "id": "zone_23",
          "name": "corridor_3_left",
          "floor_level": 0,
          "area": 78.71083169812309,
          "cooling_load": 1509.104738717049,
          "supply_air": 125.75872822642076,
          "fresh_air": 78.71083169812309
        },
        {
          "id": "zone_24",
          "name": "corridor_3_right",
          "floor_level": 0,
          "area": 83.33333333333333,
          "cooling_load": 1678.9999999999998,
          "supply_air": 139.91666666666666,
          "fresh_air": 83.33333333333333
        },
        {
          "id": "zone_25",
          "name": "Private Office 1",
          "floor_level": 0,
          "area": 74.4538926037931,
          "cooling_load": 10556.28961865349,
          "supply_air": 879.6908015544576,
          "fresh_air": 74.4538926037931
        },
        {
          "id": "zone_26",
          "name": "Meeting Room",
          "floor_level": 0,
          "area": 78.71083169812309,
          "cooling_load": 10441.064047333537,
          "supply_air": 870.0886706111281,
          "fresh_air": 78.71083169812309
        },
        {
          "id": "zone_27",
          "name": "Support 1",
          "floor_level": 0,
          "area": 74.45389260379311,
          "cooling_load": 3277.7933653477753,
          "supply_air": 273.1494471123146,
          "fresh_air": 74.45389260379311
        },
        {
          "id": "zone_28",
          "name": "corridor_4_bottom",
          "floor_level": 0,
          "area": 232.10668108179976,
          "cooling_load": 4775.536099464419,
          "supply_air": 397.9613416220349,
          "fresh_air": 232.10668108179976
        },
        {
          "id": "zone_29",
          "name": "corridor_4_top",
          "floor_level": 0,
          "area": 232.10668108179982,
          "cooling_load": 4775.536099464419,
          "supply_air": 397.9613416220349,
          "fresh_air": 232.10668108179982
        },
        {
          "id": "zone_30",
          "name": "corridor_4_left",
          "floor_level": 0,
          "area": 78.71083169812309,
          "cooling_load": 1509.104738717049,
          "supply_air": 125.75872822642076,
          "fresh_air": 78.71083169812309
        },
        {
          "id": "zone_31",
          "name": "corridor_4_right",
          "floor_level": 0,
          "area": 83.33333333333333,
          "cooling_load": 1678.9999999999998,
          "supply_air": 139.91666666666666,
          "fresh_air": 83.33333333333333
        },
        {
          "id": "zone_32",
          "name": "Private Office 1",
          "floor_level": 0,
          "area": 74.4538926037931,
          "cooling_load": 10556.28961865349,
          "supply_air": 879.6908015544576,
          "fresh_air": 74.4538926037931
        },
        {
          "id": "zone_33",
          "name": "Meeting Room",
          "floor_level": 0,
          "area": 78.71083169812309,
          "cooling_load": 10441.064047333537,
          "supply_air": 870.0886706111281,
          "fresh_air": 78.71083169812309
        },
        {
          "id": "zone_34",
          "name": "Support 1",
          "floor_level": 0,
          "area": 74.45389260379311,
          "cooling_load": 3277.7933653477753,
          "supply_air": 273.1494471123146,
          "fresh_air": 74.45389260379311
        }
      ]
    },
    "electrical": {
      "loads": {
        "lighting": 51.23256864604592,
        "equipment": 64.0407108075574,
        "hvac": 64.7750669457162,
        "elevator": 150,
        "total_connected": 330.04834639931954,
        "total_demand": 231.03384247952366,
        "transformer_size": 500
      },
      "distribution": {
        "panels": [
          {
            "id": "MSB",
            "type": "main",
            "location": {
              "x": 19.527756377319946,
              "y": 13.867504905630728,
              "z": 0
            },
            "capacity_kva": 500,
            "voltage": "415V",
            "circuits": 20
          },
          {
            "id": "FDB_0",
            "type": "floor",
            "location": {
              "x": 19.527756377319946,
              "y": 13.867504905630728,
              "z": 0.0
            },
            "capacity_kva": 55.44812219508568,
            "voltage": "415V",
            "circuits": 12
          },
          {
            "id": "FDB_1",
            "type": "floor",
            "location": {
              "x": 19.527756377319946,
              "y": 13.867504905630728,
              "z": 3.6
            },
            "capacity_kva": 55.44812219508568,
            "voltage": "415V",
            "circuits": 12
          },
          {
            "id": "FDB_2",
            "type": "floor",
            "location": {
              "x": 19.527756377319946,
              "y": 13.867504905630728,
              "z": 7.2
            },
            "capacity_kva": 55.44812219508568,
            "voltage": "415V",
            "circuits": 12
          },
          {
            "id": "FDB_3",
            "type": "floor",
            "location": {
              "x": 19.527756377319946,
              "y": 13.867504905630728,
              "z": 10.8
            },
            "capacity_kva": 55.44812219508568,
            "voltage": "415V",
            "circuits": 12
          },
          {
            "id": "FDB_4",
            "type": "floor",
            "location": {
              "x": 19.527756377319946,
              "y": 13.867504905630728,
              "z": 14.4
            },
            "capacity_kva": 55.44812219508568,
            "voltage": "415V",
            "circuits": 12
          }
        ],
        "cable_routes": [
          {
            "id": "riser_main",
            "type": "vertical",
            "start": {
              "x": 19.527756377319946,
              "y": 13.867504905630728,
              "z": 0
            },
            "end": {
              "x": 19.527756377319946,
              "y": 13.867504905630728,
              "z": 21.6
            },
            "width": 0.3
          }
        ],
        "emergency_power": {
          "generator_size": 100,
          "ups_capacity": 12.808142161511482,
          "automatic_transfer": true
        }
      }
    },
    "plumbing": {
      "fixtures": {
        "wc": 33,
        "urinal": 33,
        "lavatory": 33,
        "drinking": 16
      },
      "risers": [
        {
          "id": "CW_01",
          "type": "cold_water",
          "position": {
            "x": 19.527756377319946,
            "y": 12.867504905630728
          },
          "diameter_mm": 150,
          "floors_served": [
            0,
            1,
            2,
            3,
            4
          ]
        },
        {
          "id": "HW_01",
          "type": "hot_water",
          "position": {
            "x": 19.527756377319946,
            "y": 13.367504905630728
          },
          "diameter_mm": 112.5,
          "floors_served": [
            0,
            1,
            2,
            3,
            4
          ]
        },
        {
          "id": "DR_01",
          "type": "drain",
          "position": {
            "x": 20.027756377319946,
            "y": 12.867504905630728
          },
          "diameter_mm": 200,
          "floors_served": [
            0,
            1,
            2,
            3,
            4
          ]
        },
        {
          "id": "VT_01",
          "type": "vent",
          "position": {
            "x": 20.027756377319946,
            "y": 13.367504905630728
          },
          "diameter_mm": 75,
          "floors_served": [
            0,
            1,
            2,
            3,
            4
          ]
        }
      ]
    },
    "fire_protection": {
      "sprinkler_system": true,
      "coverage_area": 5000.0,
      "sprinkler_count": 416,
      "standpipe": false,
      "fire_pump": false,
      "fire_pump_capacity_lpm": 0
    },
    "metrics": {
      "cooling_capacity_w_per_m2": 37.01432396898069,
      "electrical_load_w_per_m2": 46.20676849590473,
      "fresh_air_l_per_s_per_m2": 0.8538761441007653,
      "estimated_eui_kwh_per_m2": 189.54556917772322
    },
    "geometry": {
      "elements": [
        {
          "type": "ahu",
          "id": "AHU_0_0",
          "bounds": {
            "min_x": 18.027756377319946,
            "max_x": 21.027756377319946,
            "min_y": 12.867504905630728,
            "max_y": 14.867504905630728,
            "min_z": 0.0,
            "max_z": 2.5
          }
        },
        {
          "type": "duct",
          "id": "D_main_0",
          "path": [
            [
              18.027756377319946,
              12.867504905630728,
              0.0
            ],
            [
              35.05551275463989,
              12.867504905630728,
              0.0
            ]
          ],
          "width": 1.96,
          "height": 0.98
        },
        {
          "type": "duct",
          "id": "D_branch_1",
          "path": [
            [
              35.05551275463989,
              12.867504905630728,
              0.0
            ],
            [
              35.05551275463989,
              0.5,
              0.0
            ]
          ],
          "width": 0.32,
          "height": 0.21
        },
        {
          "type": "duct",
          "id": "D_branch_2",
          "path": [
            [
              35.05551275463989,
              12.867504905630728,
              0.0
            ],
            [
              35.05551275463989,
              9.245003270420485,
              0.0
            ]
          ],
          "width": 0.32,
          "height": 0.21
        },
        {
          "type": "duct",
          "id": "D_branch_3",
          "path": [
            [
              35.05551275463989,
              12.867504905630728,
              0.0
            ],
            [
              35.05551275463989,
              18.49000654084097,
              0.0
            ]
          ],
          "width": 0.18,
          "height": 0.12
        },
        {
          "type": "duct",
          "id": "D_branch_4",
          "path": [
            [
              35.05551275463989,
              12.867504905630728,
              0.0
            ],
            [
              35.05551275463989,
              26.735009811261456,
              0.0
            ]
          ],
          "width": 0.19,
          "height": 0.12
        },
        {
          "type": "duct",
          "id": "D_branch_5",
          "path": [
            [
              35.05551275463989,
              12.867504905630728,
              0.0
            ],
            [
              35.05551275463989,
              0.5,
              0.0
            ]
          ],
          "width": 0.47,
          "height": 0.31
        },
        {
          "type": "duct",
          "id": "D_branch_6",
          "path": [
            [
              35.05551275463989,
              12.867504905630728,
              0.0
            ],
            [
              35.05551275463989,
              9.245003270420485,
              0.0
            ]
          ],
          "width": 0.47,
          "height": 0.31
        },
        {
          "type": "riser",
          "id": "CW_01",
          "riser_type": "cold_water",
          "position": [
            19.527756377319946,
            12.867504905630728
          ],
          "diameter": 150
        },
        {
          "type": "riser",
          "id": "HW_01",
          "riser_type": "hot_water",
          "position": [
            19.527756377319946,
            13.367504905630728
          ],
          "diameter": 112.5
        },
        {
          "type": "riser",
          "id": "DR_01",
          "riser_type": "drain",
          "position": [
            20.027756377319946,
            12.867504905630728
          ],
          "diameter": 200
        },
        {
          "type": "riser",
          "id": "VT_01",
          "riser_type": "vent",
          "position": [
            20.027756377319946,
            13.367504905630728
          ],
          "diameter": 75
        }
      ]
    }
  },
  "geometry": {
    "elements": [
      {
        "type": "ahu",
        "id": "AHU_0_0",
        "bounds": {
          "min_x": 18.027756377319946,
          "max_x": 21.027756377319946,
          "min_y": 12.867504905630728,
          "max_y": 14.867504905630728,
          "min_z": 0.0,
          "max_z": 2.5
        }
      },
      {
        "type": "duct",
        "id": "D_main_0",
        "path": [
          [
            18.027756377319946,
            12.867504905630728,
            0.0
          ],
          [
            35.05551275463989,
            12.867504905630728,
            0.0
          ]
        ],
        "width": 1.96,
        "height": 0.98
      },
      {
        "type": "duct",
        "id": "D_branch_1",
        "path": [
          [
            35.05551275463989,
            12.867504905630728,
            0.0
          ],
          [
            35.05551275463989,
            0.5,
            0.0
          ]
        ],
        "width": 0.32,
        "height": 0.21
      },
      {
        "type": "duct",
        "id": "D_branch_2",
        "path": [
          [
            35.05551275463989,
            12.867504905630728,
            0.0
          ],
          [
            35.05551275463989,
            9.245003270420485,
            0.0
          ]
        ],
        "width": 0.32,
        "height": 0.21
      },
      {
        "type": "duct",
        "id": "D_branch_3",
        "path": [
          [
            35.05551275463989,
            12.867504905630728,
            0.0
          ],
          [
            35.05551275463989,
            18.49000654084097,
            0.0
          ]
        ],
        "width": 0.18,
        "height": 0.12
      },
      {
        "type": "duct",
        "id": "D_branch_4",
        "path": [
          [
            35.05551275463989,
            12.867504905630728,
            0.0
          ],
          [
            35.05551275463989,
            26.735009811261456,
            0.0
          ]
        ],
        "width": 0.19,
        "height": 0.12
      },
      {
        "type": "duct",
        "id": "D_branch_5",
        "path": [
          [
            35.05551275463989,
            12.867504905630728,
            0.0
          ],
          [
            35.05551275463989,
            0.5,
            0.0
          ]
        ],
        "width": 0.47,
        "height": 0.31
      },
      {
        "type": "duct",
        "id": "D_branch_6",
        "path": [
          [
            35.05551275463989,
            12.867504905630728,
            0.0
          ],
          [
            35.05551275463989,
            9.245003270420485,
            0.0
          ]
        ],
        "width": 0.47,
        "height": 0.31
      },
      {
        "type": "riser",
        "id": "CW_01",
        "riser_type": "cold_water",
        "position": [
          19.527756377319946,
          12.867504905630728
        ],
        "diameter": 150
      },
      {
        "type": "riser",
        "id": "HW_01",
        "riser_type": "hot_water",
        "position": [
          19.527756377319946,
          13.367504905630728
        ],
        "diameter": 112.5
      },
      {
        "type": "riser",
        "id": "DR_01",
        "riser_type": "drain",
        "position": [
          20.027756377319946,
          12.867504905630728
        ],
        "diameter": 200
      },
      {
        "type": "riser",
        "id": "VT_01",
        "riser_type": "vent",
        "position": [
          20.027756377319946,
          13.367504905630728
        ],
        "diameter": 75
      }
    ]
  },
  "metrics": {
    "cooling_capacity_w_per_m2": 37.01432396898069,
    "electrical_load_w_per_m2": 46.20676849590473,
    "fresh_air_l_per_s_per_m2": 0.8538761441007653,
    "estimated_eui_kwh_per_m2": 189.54556917772322
  },
  "decisions": [
    {
      "id": "mep_0_1768987258",
      "decision": "analysis_complete",
      "reasoning": "Total cooling load: 185 kW for 35 zones",
      "confidence": 0.8,
      "timestamp": "2026-01-21T12:20:58.556267"
    },
    {
      "id": "mep_1_1768987258",
      "decision": "analysis_complete",
      "reasoning": "Completed analysis with 0 requirements identified",
      "confidence": 0.8,
      "timestamp": "2026-01-21T12:20:58.556276"
    },
    {
      "id": "mep_2_1768987258",
      "decision": "hvac_system_selected",
      "reasoning": "Selected variable_air_volume system for 185 kW load",
      "confidence": 0.85,
      "timestamp": "2026-01-21T12:20:58.557293"
    },
    {
      "id": "mep_3_1768987258",
      "decision": "design_complete",
      "reasoning": "MEP design complete: 1 AHUs, 7 ducts, 4 risers",
      "confidence": 0.8,
      "timestamp": "2026-01-21T12:20:58.559231"
    },
    {
      "id": "mep_4_1768987258",
      "decision": "design_generated",
      "reasoning": "Generated initial design with 0 elements",
      "confidence": 0.8,
      "timestamp": "2026-01-21T12:20:58.559242"
    },
    {
      "id": "mep_5_1768987258",
      "decision": "design_optimized",
      "reasoning": "Optimized design for efficiency",
      "confidence": 0.8,
      "timestamp": "2026-01-21T12:20:58.559263"
    }
  ],
  "conflicts": [
    {
      "id": "conflict_mep_structural_0",
      "type": "mep_clearance",
      "priority": 80,
      "description": "Duct D_main_0 height 0.98m exceeds available plenum 0.09999999999999987m"
    },
    {
      "id": "conflict_mep_structural_1",
      "type": "mep_clearance",
      "priority": 80,
      "description": "Duct D_branch_1 height 0.21m exceeds available plenum 0.09999999999999987m"
    },
    {
      "id": "conflict_mep_structural_2",
      "type": "mep_clearance",
      "priority": 80,
      "description": "Duct D_branch_2 height 0.21m exceeds available plenum 0.09999999999999987m"
    },
    {
      "id": "conflict_mep_structural_3",
      "type": "mep_clearance",
      "priority": 80,
      "description": "Duct D_branch_3 height 0.12m exceeds available plenum 0.09999999999999987m"
    },
    {
      "id": "conflict_mep_structural_4",
      "type": "mep_clearance",
      "priority": 80,
      "description": "Duct D_branch_4 height 0.12m exceeds available plenum 0.09999999999999987m"
    },
    {
      "id": "conflict_mep_structural_5",
      "type": "mep_clearance",
      "priority": 80,
      "description": "Duct D_branch_5 height 0.31m exceeds available plenum 0.09999999999999987m"
    },
    {
      "id": "conflict_mep_structural_6",
      "type": "mep_clearance",
      "priority": 80,
      "description": "Duct D_branch_6 height 0.31m exceeds available plenum 0.09999999999999987m"
    }
  ],
  "warnings": [],
  "execution_time": 0.00321,
  "created_at": "2026-01-21T12:20:58.559273"
}