[
  {
    "agent": "architectural",
    "decision": "analysis_complete",
    "reasoning": "Analyzed office building with 5000.0m\u00b2 GFA",
    "confidence": 0.9,
    "timestamp": "2026-01-21T12:20:58.398170"
  },
  {
    "agent": "architectural",
    "decision": "analysis_complete",
    "reasoning": "Completed analysis with 5 requirements identified",
    "confidence": 0.8,
    "timestamp": "2026-01-21T12:20:58.398186"
  },
  {
    "agent": "architectural",
    "decision": "design_generated",
    "reasoning": "Generated 5 floor plans with rectangular massing",
    "confidence": 0.85,
    "timestamp": "2026-01-21T12:20:58.478984"
  },
  {
    "agent": "architectural",
    "decision": "design_generated",
    "reasoning": "Generated initial design with 0 elements",
    "confidence": 0.8,
    "timestamp": "2026-01-21T12:20:58.479047"
  },
  {
    "agent": "architectural",
    "decision": "validation_complete",
    "reasoning": "Validation failed with 15 issues",
    "confidence": 0.7,
    "timestamp": "2026-01-21T12:20:58.479252"
  },
  {
    "agent": "structural",
    "decision": "analysis_complete",
    "reasoning": "Analyzed 5-story structure with 9.245003270420487m spans",
    "confidence": 0.8,
    "timestamp": "2026-01-21T12:20:58.493198"
  },
  {
    "agent": "structural",
    "decision": "analysis_complete",
    "reasoning": "Completed analysis with 0 requirements identified",
    "confidence": 0.8,
    "timestamp": "2026-01-21T12:20:58.493218"
  },
  {
    "agent": "structural",
    "decision": "system_selected",
    "reasoning": "Selected moment_frame with concrete for 5-story office. This system provides optimal balance of structural efficiency, architectural flexibility, and cost-effectiveness.",
    "confidence": 0.85,
    "timestamp": "2026-01-21T12:20:58.493830"
  },
  {
    "agent": "structural",
    "decision": "design_complete",
    "reasoning": "Designed moment_frame system with 20 columns, 155 beams",
    "confidence": 0.8,
    "timestamp": "2026-01-21T12:20:58.517465"
  },
  {
    "agent": "structural",
    "decision": "design_generated",
    "reasoning": "Generated initial design with 0 elements",
    "confidence": 0.8,
    "timestamp": "2026-01-21T12:20:58.517599"
  },
  {
    "agent": "mep",
    "decision": "analysis_complete",
    "reasoning": "Total cooling load: 185 kW for 35 zones",
    "confidence": 0.8,
    "timestamp": "2026-01-21T12:20:58.556267"
  },
  {
    "agent": "mep",
    "decision": "analysis_complete",
    "reasoning": "Completed analysis with 0 requirements identified",
    "confidence": 0.8,
    "timestamp": "2026-01-21T12:20:58.556276"
  },
  {
    "agent": "mep",
    "decision": "hvac_system_selected",
    "reasoning": "Selected variable_air_volume system for 185 kW load",
    "confidence": 0.85,
    "timestamp": "2026-01-21T12:20:58.557293"
  },
  {
    "agent": "mep",
    "decision": "design_complete",
    "reasoning": "MEP design complete: 1 AHUs, 7 ducts, 4 risers",
    "confidence": 0.8,
    "timestamp": "2026-01-21T12:20:58.559231"
  },
  {
    "agent": "mep",
    "decision": "design_generated",
    "reasoning": "Generated initial design with 0 elements",
    "confidence": 0.8,
    "timestamp": "2026-01-21T12:20:58.559242"
  },
  {
    "agent": "mep",
    "decision": "design_optimized",
    "reasoning": "Optimized design for efficiency",
    "confidence": 0.8,
    "timestamp": "2026-01-21T12:20:58.559263"
  },
  {
    "agent": "interior",
    "decision": "analysis_complete",
    "reasoning": "Selected contemporary style with standard finish grade for 35 spaces",
    "confidence": 0.8,
    "timestamp": "2026-01-21T12:20:58.559609"
  },
  {
    "agent": "interior",
    "decision": "analysis_complete",
    "reasoning": "Completed analysis with 0 requirements identified",
    "confidence": 0.8,
    "timestamp": "2026-01-21T12:20:58.559623"
  },
  {
    "agent": "interior",
    "decision": "design_complete",
    "reasoning": "Interior design complete: 165 furniture items, 775 lighting fixtures",
    "confidence": 0.8,
    "timestamp": "2026-01-21T12:20:58.564411"
  },
  {
    "agent": "interior",
    "decision": "design_generated",
    "reasoning": "Generated initial design with 0 elements",
    "confidence": 0.8,
    "timestamp": "2026-01-21T12:20:58.564463"
  }
]