[
  {
    "agent": "architectural",
    "decision": "analysis_complete",
    "reasoning": "Analyzed residential building with 12000.0m\u00b2 GFA",
    "confidence": 0.9,
    "timestamp": "2026-01-13T11:35:31.899929"
  },
  {
    "agent": "architectural",
    "decision": "analysis_complete",
    "reasoning": "Completed analysis with 5 requirements identified",
    "confidence": 0.8,
    "timestamp": "2026-01-13T11:35:31.899942"
  },
  {
    "agent": "architectural",
    "decision": "design_generated",
    "reasoning": "Generated 12 floor plans with rectangular massing",
    "confidence": 0.85,
    "timestamp": "2026-01-13T11:35:31.910683"
  },
  {
    "agent": "architectural",
    "decision": "design_generated",
    "reasoning": "Generated initial design with 0 elements",
    "confidence": 0.8,
    "timestamp": "2026-01-13T11:35:31.910694"
  },
  {
    "agent": "architectural",
    "decision": "validation_complete",
    "reasoning": "Validation failed with 73 issues",
    "confidence": 0.7,
    "timestamp": "2026-01-13T11:35:31.910740"
  },
  {
    "agent": "structural",
    "decision": "analysis_complete",
    "reasoning": "Analyzed 12-story structure with 6.45497224367903m spans",
    "confidence": 0.8,
    "timestamp": "2026-01-13T11:35:31.911581"
  },
  {
    "agent": "structural",
    "decision": "analysis_complete",
    "reasoning": "Completed analysis with 0 requirements identified",
    "confidence": 0.8,
    "timestamp": "2026-01-13T11:35:31.911586"
  },
  {
    "agent": "structural",
    "decision": "system_selected",
    "reasoning": "Selected moment_frame with concrete for 12-story residential. This system provides optimal balance of structural efficiency, architectural flexibility, and cost-effectiveness.",
    "confidence": 0.85,
    "timestamp": "2026-01-13T11:35:31.911645"
  },
  {
    "agent": "structural",
    "decision": "design_complete",
    "reasoning": "Designed moment_frame system with 35 columns, 696 beams",
    "confidence": 0.8,
    "timestamp": "2026-01-13T11:35:31.915048"
  },
  {
    "agent": "structural",
    "decision": "design_generated",
    "reasoning": "Generated initial design with 0 elements",
    "confidence": 0.8,
    "timestamp": "2026-01-13T11:35:31.915091"
  },
  {
    "agent": "mep",
    "decision": "analysis_complete",
    "reasoning": "Total cooling load: 691 kW for 48 zones",
    "confidence": 0.8,
    "timestamp": "2026-01-13T11:35:31.915599"
  },
  {
    "agent": "mep",
    "decision": "analysis_complete",
    "reasoning": "Completed analysis with 0 requirements identified",
    "confidence": 0.8,
    "timestamp": "2026-01-13T11:35:31.915606"
  },
  {
    "agent": "mep",
    "decision": "hvac_system_selected",
    "reasoning": "Selected fan_coil_unit system for 691 kW load",
    "confidence": 0.85,
    "timestamp": "2026-01-13T11:35:31.915643"
  },
  {
    "agent": "mep",
    "decision": "design_complete",
    "reasoning": "MEP design complete: 4 AHUs, 52 ducts, 4 risers",
    "confidence": 0.8,
    "timestamp": "2026-01-13T11:35:31.916127"
  },
  {
    "agent": "mep",
    "decision": "design_generated",
    "reasoning": "Generated initial design with 0 elements",
    "confidence": 0.8,
    "timestamp": "2026-01-13T11:35:31.916136"
  },
  {
    "agent": "mep",
    "decision": "design_optimized",
    "reasoning": "Optimized design for efficiency",
    "confidence": 0.8,
    "timestamp": "2026-01-13T11:35:31.916157"
  },
  {
    "agent": "interior",
    "decision": "analysis_complete",
    "reasoning": "Selected modern style with standard finish grade for 48 spaces",
    "confidence": 0.8,
    "timestamp": "2026-01-13T11:35:31.916539"
  },
  {
    "agent": "interior",
    "decision": "analysis_complete",
    "reasoning": "Completed analysis with 0 requirements identified",
    "confidence": 0.8,
    "timestamp": "2026-01-13T11:35:31.916555"
  },
  {
    "agent": "interior",
    "decision": "design_complete",
    "reasoning": "Interior design complete: 240 furniture items, 1752 lighting fixtures",
    "confidence": 0.8,
    "timestamp": "2026-01-13T11:35:31.922380"
  },
  {
    "agent": "interior",
    "decision": "design_generated",
    "reasoning": "Generated initial design with 0 elements",
    "confidence": 0.8,
    "timestamp": "2026-01-13T11:35:31.922448"
  }
]