{
  "resolved": [],
  "unresolved": [
    {
      "id": "conflict_mep_structural_0",
      "type": "mep_clearance",
      "priority": 80,
      "source": "mep",
      "target": "structural",
      "description": "Duct D_main_0 height 0.94m exceeds available plenum 0.34999999999999987m"
    },
    {
      "id": "conflict_mep_structural_1",
      "type": "mep_clearance",
      "priority": 80,
      "source": "mep",
      "target": "structural",
      "description": "Duct D_branch_1 height 0.66m exceeds available plenum 0.34999999999999987m"
    },
    {
      "id": "conflict_mep_structural_2",
      "type": "mep_clearance",
      "priority": 80,
      "source": "mep",
      "target": "structural",
      "description": "Duct D_branch_5 height 0.66m exceeds available plenum 0.34999999999999987m"
    },
    {
      "id": "conflict_mep_structural_3",
      "type": "mep_clearance",
      "priority": 80,
      "source": "mep",
      "target": "structural",
      "description": "Duct D_branch_9 height 0.66m exceeds available plenum 0.34999999999999987m"
    },
    {
      "id": "conflict_mep_structural_4",
      "type": "mep_clearance",
      "priority": 80,
      "source": "mep",
      "target": "structural",
      "description": "Duct D_main_13 height 0.94m exceeds available plenum 0.34999999999999987m"
    },
    {
      "id": "conflict_mep_structural_5",
      "type": "mep_clearance",
      "priority": 80,
      "source": "mep",
      "target": "structural",
      "description": "Duct D_branch_15 height 0.66m exceeds available plenum 0.34999999999999987m"
    },
    {
      "id": "conflict_mep_structural_6",
      "type": "mep_clearance",
      "priority": 80,
      "source": "mep",
      "target": "structural",
      "description": "Duct D_branch_19 height 0.66m exceeds available plenum 0.34999999999999987m"
    },
    {
      "id": "conflict_mep_structural_7",
      "type": "mep_clearance",
      "priority": 80,
      "source": "mep",
      "target": "structural",
      "description": "Duct D_branch_23 height 0.66m exceeds available plenum 0.34999999999999987m"
    },
    {
      "id": "conflict_mep_structural_8",
      "type": "mep_clearance",
      "priority": 80,
      "source": "mep",
      "target": "structural",
      "description": "Duct D_main_26 height 0.94m exceeds available plenum 0.34999999999999987m"
    },
    {
      "id": "conflict_mep_structural_9",
      "type": "mep_clearance",
      "priority": 80,
      "source": "mep",
      "target": "structural",
      "description": "Duct D_branch_29 height 0.66m exceeds available plenum 0.34999999999999987m"
    },
    {
      "id": "conflict_mep_structural_10",
      "type": "mep_clearance",
      "priority": 80,
      "source": "mep",
      "target": "structural",
      "description": "Duct D_branch_33 height 0.66m exceeds available plenum 0.34999999999999987m"
    },
    {
      "id": "conflict_mep_structural_11",
      "type": "mep_clearance",
      "priority": 80,
      "source": "mep",
      "target": "structural",
      "description": "Duct D_branch_37 height 0.66m exceeds available plenum 0.34999999999999987m"
    }
  ]
}