{
  "agent_name": "mep",
  "status": "completed",
  "design_data": {
    "hvac": {
      "system_type": "fan_coil_unit",
      "cooling_capacity_kw": 507.63652517530613,
      "ahus": [
        {
          "id": "AHU_0_0",
          "location": {
            "x": 5.0,
            "y": 5.0,
            "z": 0.0
          },
          "cooling_capacity_kw": 169.21217505843538,
          "airflow_m3h": 50763.65251753061,
          "zones_served": [
            "zone_0",
            "zone_3",
            "zone_6",
            "zone_9",
            "zone_12",
            "zone_15",
            "zone_18",
            "zone_21",
            "zone_24",
            "zone_27",
            "zone_30",
            "zone_33"
          ],
          "dimensions": {
            "l": 3.0,
            "w": 2.0,
            "h": 2.5
          }
        },
        {
          "id": "AHU_0_1",
          "location": {
            "x": 5.0,
            "y": 5.0,
            "z": 0.0
          },
          "cooling_capacity_kw": 169.21217505843538,
          "airflow_m3h": 50763.65251753061,
          "zones_served": [
            "zone_1",
            "zone_4",
            "zone_7",
            "zone_10",
            "zone_13",
            "zone_16",
            "zone_19",
            "zone_22",
            "zone_25",
            "zone_28",
            "zone_31",
            "zone_34"
          ],
          "dimensions": {
            "l": 3.0,
            "w": 2.0,
            "h": 2.5
          }
        },
        {
          "id": "AHU_0_2",
          "location": {
            "x": 5.0,
            "y": 5.0,
            "z": 0.0
          },
          "cooling_capacity_kw": 169.21217505843538,
          "airflow_m3h": 50763.65251753061,
          "zones_served": [
            "zone_2",
            "zone_5",
            "zone_8",
            "zone_11",
            "zone_14",
            "zone_17",
            "zone_20",
            "zone_23",
            "zone_26",
            "zone_29",
            "zone_32",
            "zone_35"
          ],
          "dimensions": {
            "l": 3.0,
            "w": 2.0,
            "h": 2.5
          }
        }
      ],
      "ductwork": [
        {
          "id": "D_main_0",
          "type": "supply",
          "start": {
            "x": 5.0,
            "y": 5.0,
            "z": 0.0
          },
          "end": {
            "x": 25.0,
            "y": 5.0,
            "z": 0.0
          },
          "width": 1.88,
          "height": 0.94,
          "airflow": 50763.65251753061,
          "velocity": 8,
          "bounds": {
            "min_x": 5.0,
            "max_x": 25.0,
            "min_y": 4.0600000000000005,
            "max_y": 5.9399999999999995,
            "min_z": 0.0,
            "max_z": 0.94
          }
        },
        {
          "id": "D_branch_1",
          "type": "supply",
          "start": {
            "x": 25.0,
            "y": 5.0,
            "z": 0.0
          },
          "end": {
            "x": 25.0,
            "y": 10.0,
            "z": 0.0
          },
          "width": 0.99,
          "height": 0.66,
          "airflow": 14230.217505843537,
          "velocity": 6,
          "bounds": {
            "min_x": 25.0,
            "max_x": 25.0,
            "min_y": 4.505,
            "max_y": 10.495,
            "min_z": 0.0,
            "max_z": 0.66
          }
        },
        {
          "id": "D_branch_2",
          "type": "supply",
          "start": {
            "x": 25.0,
            "y": 5.0,
            "z": 0.0
          },
          "end": {
            "x": 25.0,
            "y": 10.0,
            "z": 0.0
          },
          "width": 0.19,
          "height": 0.13,
          "airflow": 538.1999999999999,
          "velocity": 6,
          "bounds": {
            "min_x": 25.0,
            "max_x": 25.0,
            "min_y": 4.905,
            "max_y": 10.095,
            "min_z": 0.0,
            "max_z": 0.13
          }
        },
        {
          "id": "D_branch_3",
          "type": "supply",
          "start": {
            "x": 25.0,
            "y": 5.0,
            "z": 0.0
          },
          "end": {
            "x": 25.0,
            "y": 10.0,
            "z": 0.0
          },
          "width": 0.27,
          "height": 0.18,
          "airflow": 1076.3999999999999,
          "velocity": 6,
          "bounds": {
            "min_x": 25.0,
            "max_x": 25.0,
            "min_y": 4.865,
            "max_y": 10.135,
            "min_z": 0.0,
            "max_z": 0.18
          }
        },
        {
          "id": "D_branch_4",
          "type": "supply",
          "start": {
            "x": 25.0,
            "y": 5.0,
            "z": 0.0
          },
          "end": {
            "x": 25.0,
            "y": 10.0,
            "z": 0.0
          },
          "width": 0.27,
          "height": 0.18,
          "airflow": 1076.3999999999999,
          "velocity": 6,
          "bounds": {
            "min_x": 25.0,
            "max_x": 25.0,
            "min_y": 4.865,
            "max_y": 10.135,
            "min_z": 0.0,
            "max_z": 0.18
          }
        },
        {
          "id": "D_branch_5",
          "type": "supply",
          "start": {
            "x": 25.0,
            "y": 5.0,
            "z": 0.0
          },
          "end": {
            "x": 25.0,
            "y": 10.0,
            "z": 0.0
          },
          "width": 0.99,
          "height": 0.66,
          "airflow": 14230.217505843537,
          "velocity": 6,
          "bounds": {
            "min_x": 25.0,
            "max_x": 25.0,
            "min_y": 4.505,
            "max_y": 10.495,
            "min_z": 0.0,
            "max_z": 0.66
          }
        },
        {
          "id": "D_branch_6",
          "type": "supply",
          "start": {
            "x": 25.0,
            "y": 5.0,
            "z": 0.0
          },
          "end": {
            "x": 25.0,
            "y": 10.0,
            "z": 0.0
          },
          "width": 0.19,
          "height": 0.13,
          "airflow": 538.1999999999999,
          "velocity": 6,
          "bounds": {
            "min_x": 25.0,
            "max_x": 25.0,
            "min_y": 4.905,
            "max_y": 10.095,
            "min_z": 0.0,
            "max_z": 0.13
          }
        },
        {
          "id": "D_branch_7",
          "type": "supply",
          "start": {
            "x": 25.0,
            "y": 5.0,
            "z": 0.0
          },
          "end": {
            "x": 25.0,
            "y": 10.0,
            "z": 0.0
          },
          "width": 0.27,
          "height": 0.18,
          "airflow": 1076.3999999999999,
          "velocity": 6,
          "bounds": {
            "min_x": 25.0,
            "max_x": 25.0,
            "min_y": 4.865,
            "max_y": 10.135,
            "min_z": 0.0,
            "max_z": 0.18
          }
        },
        {
          "id": "D_branch_8",
          "type": "supply",
          "start": {
            "x": 25.0,
            "y": 5.0,
            "z": 0.0
          },
          "end": {
            "x": 25.0,
            "y": 10.0,
            "z": 0.0
          },
          "width": 0.27,
          "height": 0.18,
          "airflow": 1076.3999999999999,
          "velocity": 6,
          "bounds": {
            "min_x": 25.0,
            "max_x": 25.0,
            "min_y": 4.865,
            "max_y": 10.135,
            "min_z": 0.0,
            "max_z": 0.18
          }
        },
        {
          "id": "D_branch_9",
          "type": "supply",
          "start": {
            "x": 25.0,
            "y": 5.0,
            "z": 0.0
          },
          "end": {
            "x": 25.0,
            "y": 10.0,
            "z": 0.0
          },
          "width": 0.99,
          "height": 0.66,
          "airflow": 14230.217505843537,
          "velocity": 6,
          "bounds": {
            "min_x": 25.0,
            "max_x": 25.0,
            "min_y": 4.505,
            "max_y": 10.495,
            "min_z": 0.0,
            "max_z": 0.66
          }
        },
        {
          "id": "D_branch_10",
          "type": "supply",
          "start": {
            "x": 25.0,
            "y": 5.0,
            "z": 0.0
          },
          "end": {
            "x": 25.0,
            "y": 10.0,
            "z": 0.0
          },
          "width": 0.19,
          "height": 0.13,
          "airflow": 538.1999999999999,
          "velocity": 6,
          "bounds": {
            "min_x": 25.0,
            "max_x": 25.0,
            "min_y": 4.905,
            "max_y": 10.095,
            "min_z": 0.0,
            "max_z": 0.13
          }
        },
        {
          "id": "D_branch_11",
          "type": "supply",
          "start": {
            "x": 25.0,
            "y": 5.0,
            "z": 0.0
          },
          "end": {
            "x": 25.0,
            "y": 10.0,
            "z": 0.0
          },
          "width": 0.27,
          "height": 0.18,
          "airflow": 1076.3999999999999,
          "velocity": 6,
          "bounds": {
            "min_x": 25.0,
            "max_x": 25.0,
            "min_y": 4.865,
            "max_y": 10.135,
            "min_z": 0.0,
            "max_z": 0.18
          }
        },
        {
          "id": "D_branch_12",
          "type": "supply",
          "start": {
            "x": 25.0,
            "y": 5.0,
            "z": 0.0
          },
          "end": {
            "x": 25.0,
            "y": 10.0,
            "z": 0.0
          },
          "width": 0.27,
          "height": 0.18,
          "airflow": 1076.3999999999999,
          "velocity": 6,
          "bounds": {
            "min_x": 25.0,
            "max_x": 25.0,
            "min_y": 4.865,
            "max_y": 10.135,
            "min_z": 0.0,
            "max_z": 0.18
          }
        },
        {
          "id": "D_main_13",
          "type": "supply",
          "start": {
            "x": 5.0,
            "y": 5.0,
            "z": 0.0
          },
          "end": {
            "x": 25.0,
            "y": 5.0,
            "z": 0.0
          },
          "width": 1.88,
          "height": 0.94,
          "airflow": 50763.65251753061,
          "velocity": 8,
          "bounds": {
            "min_x": 5.0,
            "max_x": 25.0,
            "min_y": 4.0600000000000005,
            "max_y": 5.9399999999999995,
            "min_z": 0.0,
            "max_z": 0.94
          }
        },
        {
          "id": "D_branch_14",
          "type": "supply",
          "start": {
            "x": 25.0,
            "y": 5.0,
            "z": 0.0
          },
          "end": {
            "x": 25.0,
            "y": 10.0,
            "z": 0.0
          },
          "width": 0.27,
          "height": 0.18,
          "airflow": 1076.3999999999999,
          "velocity": 6,
          "bounds": {
            "min_x": 25.0,
            "max_x": 25.0,
            "min_y": 4.865,
            "max_y": 10.135,
            "min_z": 0.0,
            "max_z": 0.18
          }
        },
        {
          "id": "D_branch_15",
          "type": "supply",
          "start": {
            "x": 25.0,
            "y": 5.0,
            "z": 0.0
          },
          "end": {
            "x": 25.0,
            "y": 10.0,
            "z": 0.0
          },
          "width": 0.99,
          "height": 0.66,
          "airflow": 14230.217505843537,
          "velocity": 6,
          "bounds": {
            "min_x": 25.0,
            "max_x": 25.0,
            "min_y": 4.505,
            "max_y": 10.495,
            "min_z": 0.0,
            "max_z": 0.66
          }
        },
        {
          "id": "D_branch_16",
          "type": "supply",
          "start": {
            "x": 25.0,
            "y": 5.0,
            "z": 0.0
          },
          "end": {
            "x": 25.0,
            "y": 10.0,
            "z": 0.0
          },
          "width": 0.19,
          "height": 0.13,
          "airflow": 538.1999999999999,
          "velocity": 6,
          "bounds": {
            "min_x": 25.0,
            "max_x": 25.0,
            "min_y": 4.905,
            "max_y": 10.095,
            "min_z": 0.0,
            "max_z": 0.13
          }
        },
        {
          "id": "D_branch_17",
          "type": "supply",
          "start": {
            "x": 25.0,
            "y": 5.0,
            "z": 0.0
          },
          "end": {
            "x": 25.0,
            "y": 10.0,
            "z": 0.0
          },
          "width": 0.27,
          "height": 0.18,
          "airflow": 1076.3999999999999,
          "velocity": 6,
          "bounds": {
            "min_x": 25.0,
            "max_x": 25.0,
            "min_y": 4.865,
            "max_y": 10.135,
            "min_z": 0.0,
            "max_z": 0.18
          }
        },
        {
          "id": "D_branch_18",
          "type": "supply",
          "start": {
            "x": 25.0,
            "y": 5.0,
            "z": 0.0
          },
          "end": {
            "x": 25.0,
            "y": 10.0,
            "z": 0.0
          },
          "width": 0.27,
          "height": 0.18,
          "airflow": 1076.3999999999999,
          "velocity": 6,
          "bounds": {
            "min_x": 25.0,
            "max_x": 25.0,
            "min_y": 4.865,
            "max_y": 10.135,
            "min_z": 0.0,
            "max_z": 0.18
          }
        },
        {
          "id": "D_branch_19",
          "type": "supply",
          "start": {
            "x": 25.0,
            "y": 5.0,
            "z": 0.0
          },
          "end": {
            "x": 25.0,
            "y": 10.0,
            "z": 0.0
          },
          "width": 0.99,
          "height": 0.66,
          "airflow": 14230.217505843537,
          "velocity": 6,
          "bounds": {
            "min_x": 25.0,
            "max_x": 25.0,
            "min_y": 4.505,
            "max_y": 10.495,
            "min_z": 0.0,
            "max_z": 0.66
          }
        },
        {
          "id": "D_branch_20",
          "type": "supply",
          "start": {
            "x": 25.0,
            "y": 5.0,
            "z": 0.0
          },
          "end": {
            "x": 25.0,
            "y": 10.0,
            "z": 0.0
          },
          "width": 0.19,
          "height": 0.13,
          "airflow": 538.1999999999999,
          "velocity": 6,
          "bounds": {
            "min_x": 25.0,
            "max_x": 25.0,
            "min_y": 4.905,
            "max_y": 10.095,
            "min_z": 0.0,
            "max_z": 0.13
          }
        },
        {
          "id": "D_branch_21",
          "type": "supply",
          "start": {
            "x": 25.0,
            "y": 5.0,
            "z": 0.0
          },
          "end": {
            "x": 25.0,
            "y": 10.0,
            "z": 0.0
          },
          "width": 0.27,
          "height": 0.18,
          "airflow": 1076.3999999999999,
          "velocity": 6,
          "bounds": {
            "min_x": 25.0,
            "max_x": 25.0,
            "min_y": 4.865,
            "max_y": 10.135,
            "min_z": 0.0,
            "max_z": 0.18
          }
        },
        {
          "id": "D_branch_22",
          "type": "supply",
          "start": {
            "x": 25.0,
            "y": 5.0,
            "z": 0.0
          },
          "end": {
            "x": 25.0,
            "y": 10.0,
            "z": 0.0
          },
          "width": 0.27,
          "height": 0.18,
          "airflow": 1076.3999999999999,
          "velocity": 6,
          "bounds": {
            "min_x": 25.0,
            "max_x": 25.0,
            "min_y": 4.865,
            "max_y": 10.135,
            "min_z": 0.0,
            "max_z": 0.18
          }
        },
        {
          "id": "D_branch_23",
          "type": "supply",
          "start": {
            "x": 25.0,
            "y": 5.0,
            "z": 0.0
          },
          "end": {
            "x": 25.0,
            "y": 10.0,
            "z": 0.0
          },
          "width": 0.99,
          "height": 0.66,
          "airflow": 14230.217505843537,
          "velocity": 6,
          "bounds": {
            "min_x": 25.0,
            "max_x": 25.0,
            "min_y": 4.505,
            "max_y": 10.495,
            "min_z": 0.0,
            "max_z": 0.66
          }
        },
        {
          "id": "D_branch_24",
          "type": "supply",
          "start": {
            "x": 25.0,
            "y": 5.0,
            "z": 0.0
          },
          "end": {
            "x": 25.0,
            "y": 10.0,
            "z": 0.0
          },
          "width": 0.19,
          "height": 0.13,
          "airflow": 538.1999999999999,
          "velocity": 6,
          "bounds": {
            "min_x": 25.0,
            "max_x": 25.0,
            "min_y": 4.905,
            "max_y": 10.095,
            "min_z": 0.0,
            "max_z": 0.13
          }
        },
        {
          "id": "D_branch_25",
          "type": "supply",
          "start": {
            "x": 25.0,
            "y": 5.0,
            "z": 0.0
          },
          "end": {
            "x": 25.0,
            "y": 10.0,
            "z": 0.0
          },
          "width": 0.27,
          "height": 0.18,
          "airflow": 1076.3999999999999,
          "velocity": 6,
          "bounds": {
            "min_x": 25.0,
            "max_x": 25.0,
            "min_y": 4.865,
            "max_y": 10.135,
            "min_z": 0.0,
            "max_z": 0.18
          }
        },
        {
          "id": "D_main_26",
          "type": "supply",
          "start": {
            "x": 5.0,
            "y": 5.0,
            "z": 0.0
          },
          "end": {
            "x": 25.0,
            "y": 5.0,
            "z": 0.0
          },
          "width": 1.88,
          "height": 0.94,
          "airflow": 50763.65251753061,
          "velocity": 8,
          "bounds": {
            "min_x": 5.0,
            "max_x": 25.0,
            "min_y": 4.0600000000000005,
            "max_y": 5.9399999999999995,
            "min_z": 0.0,
            "max_z": 0.94
          }
        },
        {
          "id": "D_branch_27",
          "type": "supply",
          "start": {
            "x": 25.0,
            "y": 5.0,
            "z": 0.0
          },
          "end": {
            "x": 25.0,
            "y": 10.0,
            "z": 0.0
          },
          "width": 0.27,
          "height": 0.18,
          "airflow": 1076.3999999999999,
          "velocity": 6,
          "bounds": {
            "min_x": 25.0,
            "max_x": 25.0,
            "min_y": 4.865,
            "max_y": 10.135,
            "min_z": 0.0,
            "max_z": 0.18
          }
        },
        {
          "id": "D_branch_28",
          "type": "supply",
          "start": {
            "x": 25.0,
            "y": 5.0,
            "z": 0.0
          },
          "end": {
            "x": 25.0,
            "y": 10.0,
            "z": 0.0
          },
          "width": 0.27,
          "height": 0.18,
          "airflow": 1076.3999999999999,
          "velocity": 6,
          "bounds": {
            "min_x": 25.0,
            "max_x": 25.0,
            "min_y": 4.865,
            "max_y": 10.135,
            "min_z": 0.0,
            "max_z": 0.18
          }
        },
        {
          "id": "D_branch_29",
          "type": "supply",
          "start": {
            "x": 25.0,
            "y": 5.0,
            "z": 0.0
          },
          "end": {
            "x": 25.0,
            "y": 10.0,
            "z": 0.0
          },
          "width": 0.99,
          "height": 0.66,
          "airflow": 14230.217505843537,
          "velocity": 6,
          "bounds": {
            "min_x": 25.0,
            "max_x": 25.0,
            "min_y": 4.505,
            "max_y": 10.495,
            "min_z": 0.0,
            "max_z": 0.66
          }
        },
        {
          "id": "D_branch_30",
          "type": "supply",
          "start": {
            "x": 25.0,
            "y": 5.0,
            "z": 0.0
          },
          "end": {
            "x": 25.0,
            "y": 10.0,
            "z": 0.0
          },
          "width": 0.19,
          "height": 0.13,
          "airflow": 538.1999999999999,
          "velocity": 6,
          "bounds": {
            "min_x": 25.0,
            "max_x": 25.0,
            "min_y": 4.905,
            "max_y": 10.095,
            "min_z": 0.0,
            "max_z": 0.13
          }
        },
        {
          "id": "D_branch_31",
          "type": "supply",
          "start": {
            "x": 25.0,
            "y": 5.0,
            "z": 0.0
          },
          "end": {
            "x": 25.0,
            "y": 10.0,
            "z": 0.0
          },
          "width": 0.27,
          "height": 0.18,
          "airflow": 1076.3999999999999,
          "velocity": 6,
          "bounds": {
            "min_x": 25.0,
            "max_x": 25.0,
            "min_y": 4.865,
            "max_y": 10.135,
            "min_z": 0.0,
            "max_z": 0.18
          }
        },
        {
          "id": "D_branch_32",
          "type": "supply",
          "start": {
            "x": 25.0,
            "y": 5.0,
            "z": 0.0
          },
          "end": {
            "x": 25.0,
            "y": 10.0,
            "z": 0.0
          },
          "width": 0.27,
          "height": 0.18,
          "airflow": 1076.3999999999999,
          "velocity": 6,
          "bounds": {
            "min_x": 25.0,
            "max_x": 25.0,
            "min_y": 4.865,
            "max_y": 10.135,
            "min_z": 0.0,
            "max_z": 0.18
          }
        },
        {
          "id": "D_branch_33",
          "type": "supply",
          "start": {
            "x": 25.0,
            "y": 5.0,
            "z": 0.0
          },
          "end": {
            "x": 25.0,
            "y": 10.0,
            "z": 0.0
          },
          "width": 0.99,
          "height": 0.66,
          "airflow": 14230.217505843537,
          "velocity": 6,
          "bounds": {
            "min_x": 25.0,
            "max_x": 25.0,
            "min_y": 4.505,
            "max_y": 10.495,
            "min_z": 0.0,
            "max_z": 0.66
          }
        },
        {
          "id": "D_branch_34",
          "type": "supply",
          "start": {
            "x": 25.0,
            "y": 5.0,
            "z": 0.0
          },
          "end": {
            "x": 25.0,
            "y": 10.0,
            "z": 0.0
          },
          "width": 0.19,
          "height": 0.13,
          "airflow": 538.1999999999999,
          "velocity": 6,
          "bounds": {
            "min_x": 25.0,
            "max_x": 25.0,
            "min_y": 4.905,
            "max_y": 10.095,
            "min_z": 0.0,
            "max_z": 0.13
          }
        },
        {
          "id": "D_branch_35",
          "type": "supply",
          "start": {
            "x": 25.0,
            "y": 5.0,
            "z": 0.0
          },
          "end": {
            "x": 25.0,
            "y": 10.0,
            "z": 0.0
          },
          "width": 0.27,
          "height": 0.18,
          "airflow": 1076.3999999999999,
          "velocity": 6,
          "bounds": {
            "min_x": 25.0,
            "max_x": 25.0,
            "min_y": 4.865,
            "max_y": 10.135,
            "min_z": 0.0,
            "max_z": 0.18
          }
        },
        {
          "id": "D_branch_36",
          "type": "supply",
          "start": {
            "x": 25.0,
            "y": 5.0,
            "z": 0.0
          },
          "end": {
            "x": 25.0,
            "y": 10.0,
            "z": 0.0
          },
          "width": 0.27,
          "height": 0.18,
          "airflow": 1076.3999999999999,
          "velocity": 6,
          "bounds": {
            "min_x": 25.0,
            "max_x": 25.0,
            "min_y": 4.865,
            "max_y": 10.135,
            "min_z": 0.0,
            "max_z": 0.18
          }
        },
        {
          "id": "D_branch_37",
          "type": "supply",
          "start": {
            "x": 25.0,
            "y": 5.0,
            "z": 0.0
          },
          "end": {
            "x": 25.0,
            "y": 10.0,
            "z": 0.0
          },
          "width": 0.99,
          "height": 0.66,
          "airflow": 14230.217505843537,
          "velocity": 6,
          "bounds": {
            "min_x": 25.0,
            "max_x": 25.0,
            "min_y": 4.505,
            "max_y": 10.495,
            "min_z": 0.0,
            "max_z": 0.66
          }
        },
        {
          "id": "D_branch_38",
          "type": "supply",
          "start": {
            "x": 25.0,
            "y": 5.0,
            "z": 0.0
          },
          "end": {
            "x": 25.0,
            "y": 10.0,
            "z": 0.0
          },
          "width": 0.19,
          "height": 0.13,
          "airflow": 538.1999999999999,
          "velocity": 6,
          "bounds": {
            "min_x": 25.0,
            "max_x": 25.0,
            "min_y": 4.905,
            "max_y": 10.095,
            "min_z": 0.0,
            "max_z": 0.13
          }
        }
      ],
      "zones": [
        {
          "id": "zone_0",
          "name": "apartment_0",
          "floor_level": 0,
          "area": 599.9999999999999,
          "cooling_load": 47434.05835281179,
          "supply_air": 3952.8381960676493,
          "fresh_air": 599.9999999999999
        },
        {
          "id": "zone_1",
          "name": "corridor_1",
          "floor_level": 0,
          "area": 80.0,
          "cooling_load": 3587.9999999999995,
          "supply_air": 298.99999999999994,
          "fresh_air": 80
        },
        {
          "id": "zone_2",
          "name": "core_2",
          "floor_level": 0,
          "area": 80.0,
          "cooling_load": 3587.9999999999995,
          "supply_air": 298.99999999999994,
          "fresh_air": 80
        },
        {
          "id": "zone_3",
          "name": "service_3",
          "floor_level": 0,
          "area": 40.0,
          "cooling_load": 1793.9999999999998,
          "supply_air": 149.49999999999997,
          "fresh_air": 40
        },
        {
          "id": "zone_4",
          "name": "apartment_0",
          "floor_level": 0,
          "area": 599.9999999999999,
          "cooling_load": 47434.05835281179,
          "supply_air": 3952.8381960676493,
          "fresh_air": 599.9999999999999
        },
        {
          "id": "zone_5",
          "name": "corridor_1",
          "floor_level": 0,
          "area": 80.0,
          "cooling_load": 3587.9999999999995,
          "supply_air": 298.99999999999994,
          "fresh_air": 80
        },
        {
          "id": "zone_6",
          "name": "core_2",
          "floor_level": 0,
          "area": 80.0,
          "cooling_load": 3587.9999999999995,
          "supply_air": 298.99999999999994,
          "fresh_air": 80
        },
        {
          "id": "zone_7",
          "name": "service_3",
          "floor_level": 0,
          "area": 40.0,
          "cooling_load": 1793.9999999999998,
          "supply_air": 149.49999999999997,
          "fresh_air": 40
        },
        {
          "id": "zone_8",
          "name": "apartment_0",
          "floor_level": 0,
          "area": 599.9999999999999,
          "cooling_load": 47434.05835281179,
          "supply_air": 3952.8381960676493,
          "fresh_air": 599.9999999999999
        },
        {
          "id": "zone_9",
          "name": "corridor_1",
          "floor_level": 0,
          "area": 80.0,
          "cooling_load": 3587.9999999999995,
          "supply_air": 298.99999999999994,
          "fresh_air": 80
        },
        {
          "id": "zone_10",
          "name": "core_2",
          "floor_level": 0,
          "area": 80.0,
          "cooling_load": 3587.9999999999995,
          "supply_air": 298.99999999999994,
          "fresh_air": 80
        },
        {
          "id": "zone_11",
          "name": "service_3",
          "floor_level": 0,
          "area": 40.0,
          "cooling_load": 1793.9999999999998,
          "supply_air": 149.49999999999997,
          "fresh_air": 40
        },
        {
          "id": "zone_12",
          "name": "apartment_0",
          "floor_level": 0,
          "area": 599.9999999999999,
          "cooling_load": 47434.05835281179,
          "supply_air": 3952.8381960676493,
          "fresh_air": 599.9999999999999
        },
        {
          "id": "zone_13",
          "name": "corridor_1",
          "floor_level": 0,
          "area": 80.0,
          "cooling_load": 3587.9999999999995,
          "supply_air": 298.99999999999994,
          "fresh_air": 80
        },
        {
          "id": "zone_14",
          "name": "core_2",
          "floor_level": 0,
          "area": 80.0,
          "cooling_load": 3587.9999999999995,
          "supply_air": 298.99999999999994,
          "fresh_air": 80
        },
        {
          "id": "zone_15",
          "name": "service_3",
          "floor_level": 0,
          "area": 40.0,
          "cooling_load": 1793.9999999999998,
          "supply_air": 149.49999999999997,
          "fresh_air": 40
        },
        {
          "id": "zone_16",
          "name": "apartment_0",
          "floor_level": 0,
          "area": 599.9999999999999,
          "cooling_load": 47434.05835281179,
          "supply_air": 3952.8381960676493,
          "fresh_air": 599.9999999999999
        },
        {
          "id": "zone_17",
          "name": "corridor_1",
          "floor_level": 0,
          "area": 80.0,
          "cooling_load": 3587.9999999999995,
          "supply_air": 298.99999999999994,
          "fresh_air": 80
        },
        {
          "id": "zone_18",
          "name": "core_2",
          "floor_level": 0,
          "area": 80.0,
          "cooling_load": 3587.9999999999995,
          "supply_air": 298.99999999999994,
          "fresh_air": 80
        },
        {
          "id": "zone_19",
          "name": "service_3",
          "floor_level": 0,
          "area": 40.0,
          "cooling_load": 1793.9999999999998,
          "supply_air": 149.49999999999997,
          "fresh_air": 40
        },
        {
          "id": "zone_20",
          "name": "apartment_0",
          "floor_level": 0,
          "area": 599.9999999999999,
          "cooling_load": 47434.05835281179,
          "supply_air": 3952.8381960676493,
          "fresh_air": 599.9999999999999
        },
        {
          "id": "zone_21",
          "name": "corridor_1",
          "floor_level": 0,
          "area": 80.0,
          "cooling_load": 3587.9999999999995,
          "supply_air": 298.99999999999994,
          "fresh_air": 80
        },
        {
          "id": "zone_22",
          "name": "core_2",
          "floor_level": 0,
          "area": 80.0,
          "cooling_load": 3587.9999999999995,
          "supply_air": 298.99999999999994,
          "fresh_air": 80
        },
        {
          "id": "zone_23",
          "name": "service_3",
          "floor_level": 0,
          "area": 40.0,
          "cooling_load": 1793.9999999999998,
          "supply_air": 149.49999999999997,
          "fresh_air": 40
        },
        {
          "id": "zone_24",
          "name": "apartment_0",
          "floor_level": 0,
          "area": 599.9999999999999,
          "cooling_load": 47434.05835281179,
          "supply_air": 3952.8381960676493,
          "fresh_air": 599.9999999999999
        },
        {
          "id": "zone_25",
          "name": "corridor_1",
          "floor_level": 0,
          "area": 80.0,
          "cooling_load": 3587.9999999999995,
          "supply_air": 298.99999999999994,
          "fresh_air": 80
        },
        {
          "id": "zone_26",
          "name": "core_2",
          "floor_level": 0,
          "area": 80.0,
          "cooling_load": 3587.9999999999995,
          "supply_air": 298.99999999999994,
          "fresh_air": 80
        },
        {
          "id": "zone_27",
          "name": "service_3",
          "floor_level": 0,
          "area": 40.0,
          "cooling_load": 1793.9999999999998,
          "supply_air": 149.49999999999997,
          "fresh_air": 40
        },
        {
          "id": "zone_28",
          "name": "apartment_0",
          "floor_level": 0,
          "area": 599.9999999999999,
          "cooling_load": 47434.05835281179,
          "supply_air": 3952.8381960676493,
          "fresh_air": 599.9999999999999
        },
        {
          "id": "zone_29",
          "name": "corridor_1",
          "floor_level": 0,
          "area": 80.0,
          "cooling_load": 3587.9999999999995,
          "supply_air": 298.99999999999994,
          "fresh_air": 80
        },
        {
          "id": "zone_30",
          "name": "core_2",
          "floor_level": 0,
          "area": 80.0,
          "cooling_load": 3587.9999999999995,
          "supply_air": 298.99999999999994,
          "fresh_air": 80
        },
        {
          "id": "zone_31",
          "name": "service_3",
          "floor_level": 0,
          "area": 40.0,
          "cooling_load": 1793.9999999999998,
          "supply_air": 149.49999999999997,
          "fresh_air": 40
        },
        {
          "id": "zone_32",
          "name": "apartment_0",
          "floor_level": 0,
          "area": 599.9999999999999,
          "cooling_load": 47434.05835281179,
          "supply_air": 3952.8381960676493,
          "fresh_air": 599.9999999999999
        },
        {
          "id": "zone_33",
          "name": "corridor_1",
          "floor_level": 0,
          "area": 80.0,
          "cooling_load": 3587.9999999999995,
          "supply_air": 298.99999999999994,
          "fresh_air": 80
        },
        {
          "id": "zone_34",
          "name": "core_2",
          "floor_level": 0,
          "area": 80.0,
          "cooling_load": 3587.9999999999995,
          "supply_air": 298.99999999999994,
          "fresh_air": 80
        },
        {
          "id": "zone_35",
          "name": "service_3",
          "floor_level": 0,
          "area": 40.0,
          "cooling_load": 1793.9999999999998,
          "supply_air": 149.49999999999997,
          "fresh_air": 40
        }
      ]
    },
    "electrical": {
      "loads": {
        "lighting": 86.39999999999999,
        "equipment": 107.99999999999999,
        "hvac": 177.67278381135714,
        "elevator": 270,
        "total_connected": 642.0727838113571,
        "total_demand": 385.2436702868143,
        "transformer_size": 500
      },
      "distribution": {
        "panels": [
          {
            "id": "MSB",
            "type": "main",
            "location": {
              "x": 2.0,
              "y": 2.0,
              "z": 0
            },
            "capacity_kva": 500,
            "voltage": "415V",
            "circuits": 20
          },
          {
            "id": "FDB_0",
            "type": "floor",
            "location": {
              "x": 2.0,
              "y": 2.0,
              "z": 0.0
            },
            "capacity_kva": 51.365822704908574,
            "voltage": "415V",
            "circuits": 12
          },
          {
            "id": "FDB_1",
            "type": "floor",
            "location": {
              "x": 2.0,
              "y": 2.0,
              "z": 3.6
            },
            "capacity_kva": 51.365822704908574,
            "voltage": "415V",
            "circuits": 12
          },
          {
            "id": "FDB_2",
            "type": "floor",
            "location": {
              "x": 2.0,
              "y": 2.0,
              "z": 7.2
            },
            "capacity_kva": 51.365822704908574,
            "voltage": "415V",
            "circuits": 12
          },
          {
            "id": "FDB_3",
            "type": "floor",
            "location": {
              "x": 2.0,
              "y": 2.0,
              "z": 10.8
            },
            "capacity_kva": 51.365822704908574,
            "voltage": "415V",
            "circuits": 12
          },
          {
            "id": "FDB_4",
            "type": "floor",
            "location": {
              "x": 2.0,
              "y": 2.0,
              "z": 14.4
            },
            "capacity_kva": 51.365822704908574,
            "voltage": "415V",
            "circuits": 12
          },
          {
            "id": "FDB_5",
            "type": "floor",
            "location": {
              "x": 2.0,
              "y": 2.0,
              "z": 18.0
            },
            "capacity_kva": 51.365822704908574,
            "voltage": "415V",
            "circuits": 12
          },
          {
            "id": "FDB_6",
            "type": "floor",
            "location": {
              "x": 2.0,
              "y": 2.0,
              "z": 21.6
            },
            "capacity_kva": 51.365822704908574,
            "voltage": "415V",
            "circuits": 12
          },
          {
            "id": "FDB_7",
            "type": "floor",
            "location": {
              "x": 2.0,
              "y": 2.0,
              "z": 25.2
            },
            "capacity_kva": 51.365822704908574,
            "voltage": "415V",
            "circuits": 12
          },
          {
            "id": "FDB_8",
            "type": "floor",
            "location": {
              "x": 2.0,
              "y": 2.0,
              "z": 28.8
            },
            "capacity_kva": 51.365822704908574,
            "voltage": "415V",
            "circuits": 12
          }
        ],
        "cable_routes": [
          {
            "id": "riser_main",
            "type": "vertical",
            "start": {
              "x": 2.0,
              "y": 2.0,
              "z": 0
            },
            "end": {
              "x": 2.0,
              "y": 2.0,
              "z": 36.0
            },
            "width": 0.3
          }
        ],
        "emergency_power": {
          "generator_size": 200,
          "ups_capacity": 21.599999999999998,
          "automatic_transfer": true
        }
      }
    },
    "plumbing": {
      "fixtures": {
        "wc": 53,
        "lavatory": 53,
        "shower": 53,
        "kitchen": 53
      },
      "risers": [
        {
          "id": "CW_01",
          "type": "cold_water",
          "position": {
            "x": 15.811388300841896,
            "y": 14.811388300841896
          },
          "diameter_mm": 150,
          "floors_served": [
            0,
            1,
            2,
            3,
            4,
            5,
            6,
            7,
            8
          ]
        },
        {
          "id": "HW_01",
          "type": "hot_water",
          "position": {
            "x": 15.811388300841896,
            "y": 15.311388300841896
          },
          "diameter_mm": 112.5,
          "floors_served": [
            0,
            1,
            2,
            3,
            4,
            5,
            6,
            7,
            8
          ]
        },
        {
          "id": "DR_01",
          "type": "drain",
          "position": {
            "x": 16.311388300841898,
            "y": 14.811388300841896
          },
          "diameter_mm": 200,
          "floors_served": [
            0,
            1,
            2,
            3,
            4,
            5,
            6,
            7,
            8
          ]
        },
        {
          "id": "VT_01",
          "type": "vent",
          "position": {
            "x": 16.311388300841898,
            "y": 15.311388300841896
          },
          "diameter_mm": 75,
          "floors_served": [
            0,
            1,
            2,
            3,
            4,
            5,
            6,
            7,
            8
          ]
        }
      ]
    },
    "fire_protection": {
      "sprinkler_system": true,
      "coverage_area": 8999.999999999998,
      "sprinkler_count": 749,
      "standpipe": true,
      "fire_pump": true,
      "fire_pump_capacity_lpm": 2000
    },
    "metrics": {
      "cooling_capacity_w_per_m2": 56.4040583528118,
      "electrical_load_w_per_m2": 42.804852254090484,
      "fresh_air_l_per_s_per_m2": 0.8,
      "estimated_eui_kwh_per_m2": 219.8202473408498
    },
    "geometry": {
      "elements": [
        {
          "type": "ahu",
          "id": "AHU_0_0",
          "bounds": {
            "min_x": 5.0,
            "max_x": 8.0,
            "min_y": 5.0,
            "max_y": 7.0,
            "min_z": 0.0,
            "max_z": 2.5
          }
        },
        {
          "type": "ahu",
          "id": "AHU_0_1",
          "bounds": {
            "min_x": 5.0,
            "max_x": 8.0,
            "min_y": 5.0,
            "max_y": 7.0,
            "min_z": 0.0,
            "max_z": 2.5
          }
        },
        {
          "type": "ahu",
          "id": "AHU_0_2",
          "bounds": {
            "min_x": 5.0,
            "max_x": 8.0,
            "min_y": 5.0,
            "max_y": 7.0,
            "min_z": 0.0,
            "max_z": 2.5
          }
        },
        {
          "type": "duct",
          "id": "D_main_0",
          "path": [
            [
              5.0,
              5.0,
              0.0
            ],
            [
              25.0,
              5.0,
              0.0
            ]
          ],
          "width": 1.88,
          "height": 0.94
        },
        {
          "type": "duct",
          "id": "D_branch_1",
          "path": [
            [
              25.0,
              5.0,
              0.0
            ],
            [
              25.0,
              10.0,
              0.0
            ]
          ],
          "width": 0.99,
          "height": 0.66
        },
        {
          "type": "duct",
          "id": "D_branch_2",
          "path": [
            [
              25.0,
              5.0,
              0.0
            ],
            [
              25.0,
              10.0,
              0.0
            ]
          ],
          "width": 0.19,
          "height": 0.13
        },
        {
          "type": "duct",
          "id": "D_branch_3",
          "path": [
            [
              25.0,
              5.0,
              0.0
            ],
            [
              25.0,
              10.0,
              0.0
            ]
          ],
          "width": 0.27,
          "height": 0.18
        },
        {
          "type": "duct",
          "id": "D_branch_4",
          "path": [
            [
              25.0,
              5.0,
              0.0
            ],
            [
              25.0,
              10.0,
              0.0
            ]
          ],
          "width": 0.27,
          "height": 0.18
        },
        {
          "type": "duct",
          "id": "D_branch_5",
          "path": [
            [
              25.0,
              5.0,
              0.0
            ],
            [
              25.0,
              10.0,
              0.0
            ]
          ],
          "width": 0.99,
          "height": 0.66
        },
        {
          "type": "duct",
          "id": "D_branch_6",
          "path": [
            [
              25.0,
              5.0,
              0.0
            ],
            [
              25.0,
              10.0,
              0.0
            ]
          ],
          "width": 0.19,
          "height": 0.13
        },
        {
          "type": "duct",
          "id": "D_branch_7",
          "path": [
            [
              25.0,
              5.0,
              0.0
            ],
            [
              25.0,
              10.0,
              0.0
            ]
          ],
          "width": 0.27,
          "height": 0.18
        },
        {
          "type": "duct",
          "id": "D_branch_8",
          "path": [
            [
              25.0,
              5.0,
              0.0
            ],
            [
              25.0,
              10.0,
              0.0
            ]
          ],
          "width": 0.27,
          "height": 0.18
        },
        {
          "type": "duct",
          "id": "D_branch_9",
          "path": [
            [
              25.0,
              5.0,
              0.0
            ],
            [
              25.0,
              10.0,
              0.0
            ]
          ],
          "width": 0.99,
          "height": 0.66
        },
        {
          "type": "duct",
          "id": "D_branch_10",
          "path": [
            [
              25.0,
              5.0,
              0.0
            ],
            [
              25.0,
              10.0,
              0.0
            ]
          ],
          "width": 0.19,
          "height": 0.13
        },
        {
          "type": "duct",
          "id": "D_branch_11",
          "path": [
            [
              25.0,
              5.0,
              0.0
            ],
            [
              25.0,
              10.0,
              0.0
            ]
          ],
          "width": 0.27,
          "height": 0.18
        },
        {
          "type": "duct",
          "id": "D_branch_12",
          "path": [
            [
              25.0,
              5.0,
              0.0
            ],
            [
              25.0,
              10.0,
              0.0
            ]
          ],
          "width": 0.27,
          "height": 0.18
        },
        {
          "type": "duct",
          "id": "D_main_13",
          "path": [
            [
              5.0,
              5.0,
              0.0
            ],
            [
              25.0,
              5.0,
              0.0
            ]
          ],
          "width": 1.88,
          "height": 0.94
        },
        {
          "type": "duct",
          "id": "D_branch_14",
          "path": [
            [
              25.0,
              5.0,
              0.0
            ],
            [
              25.0,
              10.0,
              0.0
            ]
          ],
          "width": 0.27,
          "height": 0.18
        },
        {
          "type": "duct",
          "id": "D_branch_15",
          "path": [
            [
              25.0,
              5.0,
              0.0
            ],
            [
              25.0,
              10.0,
              0.0
            ]
          ],
          "width": 0.99,
          "height": 0.66
        },
        {
          "type": "duct",
          "id": "D_branch_16",
          "path": [
            [
              25.0,
              5.0,
              0.0
            ],
            [
              25.0,
              10.0,
              0.0
            ]
          ],
          "width": 0.19,
          "height": 0.13
        },
        {
          "type": "duct",
          "id": "D_branch_17",
          "path": [
            [
              25.0,
              5.0,
              0.0
            ],
            [
              25.0,
              10.0,
              0.0
            ]
          ],
          "width": 0.27,
          "height": 0.18
        },
        {
          "type": "duct",
          "id": "D_branch_18",
          "path": [
            [
              25.0,
              5.0,
              0.0
            ],
            [
              25.0,
              10.0,
              0.0
            ]
          ],
          "width": 0.27,
          "height": 0.18
        },
        {
          "type": "duct",
          "id": "D_branch_19",
          "path": [
            [
              25.0,
              5.0,
              0.0
            ],
            [
              25.0,
              10.0,
              0.0
            ]
          ],
          "width": 0.99,
          "height": 0.66
        },
        {
          "type": "duct",
          "id": "D_branch_20",
          "path": [
            [
              25.0,
              5.0,
              0.0
            ],
            [
              25.0,
              10.0,
              0.0
            ]
          ],
          "width": 0.19,
          "height": 0.13
        },
        {
          "type": "duct",
          "id": "D_branch_21",
          "path": [
            [
              25.0,
              5.0,
              0.0
            ],
            [
              25.0,
              10.0,
              0.0
            ]
          ],
          "width": 0.27,
          "height": 0.18
        },
        {
          "type": "duct",
          "id": "D_branch_22",
          "path": [
            [
              25.0,
              5.0,
              0.0
            ],
            [
              25.0,
              10.0,
              0.0
            ]
          ],
          "width": 0.27,
          "height": 0.18
        },
        {
          "type": "duct",
          "id": "D_branch_23",
          "path": [
            [
              25.0,
              5.0,
              0.0
            ],
            [
              25.0,
              10.0,
              0.0
            ]
          ],
          "width": 0.99,
          "height": 0.66
        },
        {
          "type": "duct",
          "id": "D_branch_24",
          "path": [
            [
              25.0,
              5.0,
              0.0
            ],
            [
              25.0,
              10.0,
              0.0
            ]
          ],
          "width": 0.19,
          "height": 0.13
        },
        {
          "type": "duct",
          "id": "D_branch_25",
          "path": [
            [
              25.0,
              5.0,
              0.0
            ],
            [
              25.0,
              10.0,
              0.0
            ]
          ],
          "width": 0.27,
          "height": 0.18
        },
        {
          "type": "duct",
          "id": "D_main_26",
          "path": [
            [
              5.0,
              5.0,
              0.0
            ],
            [
              25.0,
              5.0,
              0.0
            ]
          ],
          "width": 1.88,
          "height": 0.94
        },
        {
          "type": "duct",
          "id": "D_branch_27",
          "path": [
            [
              25.0,
              5.0,
              0.0
            ],
            [
              25.0,
              10.0,
              0.0
            ]
          ],
          "width": 0.27,
          "height": 0.18
        },
        {
          "type": "duct",
          "id": "D_branch_28",
          "path": [
            [
              25.0,
              5.0,
              0.0
            ],
            [
              25.0,
              10.0,
              0.0
            ]
          ],
          "width": 0.27,
          "height": 0.18
        },
        {
          "type": "duct",
          "id": "D_branch_29",
          "path": [
            [
              25.0,
              5.0,
              0.0
            ],
            [
              25.0,
              10.0,
              0.0
            ]
          ],
          "width": 0.99,
          "height": 0.66
        },
        {
          "type": "duct",
          "id": "D_branch_30",
          "path": [
            [
              25.0,
              5.0,
              0.0
            ],
            [
              25.0,
              10.0,
              0.0
            ]
          ],
          "width": 0.19,
          "height": 0.13
        },
        {
          "type": "duct",
          "id": "D_branch_31",
          "path": [
            [
              25.0,
              5.0,
              0.0
            ],
            [
              25.0,
              10.0,
              0.0
            ]
          ],
          "width": 0.27,
          "height": 0.18
        },
        {
          "type": "duct",
          "id": "D_branch_32",
          "path": [
            [
              25.0,
              5.0,
              0.0
            ],
            [
              25.0,
              10.0,
              0.0
            ]
          ],
          "width": 0.27,
          "height": 0.18
        },
        {
          "type": "duct",
          "id": "D_branch_33",
          "path": [
            [
              25.0,
              5.0,
              0.0
            ],
            [
              25.0,
              10.0,
              0.0
            ]
          ],
          "width": 0.99,
          "height": 0.66
        },
        {
          "type": "duct",
          "id": "D_branch_34",
          "path": [
            [
              25.0,
              5.0,
              0.0
            ],
            [
              25.0,
              10.0,
              0.0
            ]
          ],
          "width": 0.19,
          "height": 0.13
        },
        {
          "type": "duct",
          "id": "D_branch_35",
          "path": [
            [
              25.0,
              5.0,
              0.0
            ],
            [
              25.0,
              10.0,
              0.0
            ]
          ],
          "width": 0.27,
          "height": 0.18
        },
        {
          "type": "duct",
          "id": "D_branch_36",
          "path": [
            [
              25.0,
              5.0,
              0.0
            ],
            [
              25.0,
              10.0,
              0.0
            ]
          ],
          "width": 0.27,
          "height": 0.18
        },
        {
          "type": "duct",
          "id": "D_branch_37",
          "path": [
            [
              25.0,
              5.0,
              0.0
            ],
            [
              25.0,
              10.0,
              0.0
            ]
          ],
          "width": 0.99,
          "height": 0.66
        },
        {
          "type": "duct",
          "id": "D_branch_38",
          "path": [
            [
              25.0,
              5.0,
              0.0
            ],
            [
              25.0,
              10.0,
              0.0
            ]
          ],
          "width": 0.19,
          "height": 0.13
        },
        {
          "type": "riser",
          "id": "CW_01",
          "riser_type": "cold_water",
          "position": [
            15.811388300841896,
            14.811388300841896
          ],
          "diameter": 150
        },
        {
          "type": "riser",
          "id": "HW_01",
          "riser_type": "hot_water",
          "position": [
            15.811388300841896,
            15.311388300841896
          ],
          "diameter": 112.5
        },
        {
          "type": "riser",
          "id": "DR_01",
          "riser_type": "drain",
          "position": [
            16.311388300841898,
            14.811388300841896
          ],
          "diameter": 200
        },
        {
          "type": "riser",
          "id": "VT_01",
          "riser_type": "vent",
          "position": [
            16.311388300841898,
            15.311388300841896
          ],
          "diameter": 75
        }
      ]
    }
  },
  "geometry": {
    "elements": [
      {
        "type": "ahu",
        "id": "AHU_0_0",
        "bounds": {
          "min_x": 5.0,
          "max_x": 8.0,
          "min_y": 5.0,
          "max_y": 7.0,
          "min_z": 0.0,
          "max_z": 2.5
        }
      },
      {
        "type": "ahu",
        "id": "AHU_0_1",
        "bounds": {
          "min_x": 5.0,
          "max_x": 8.0,
          "min_y": 5.0,
          "max_y": 7.0,
          "min_z": 0.0,
          "max_z": 2.5
        }
      },
      {
        "type": "ahu",
        "id": "AHU_0_2",
        "bounds": {
          "min_x": 5.0,
          "max_x": 8.0,
          "min_y": 5.0,
          "max_y": 7.0,
          "min_z": 0.0,
          "max_z": 2.5
        }
      },
      {
        "type": "duct",
        "id": "D_main_0",
        "path": [
          [
            5.0,
            5.0,
            0.0
          ],
          [
            25.0,
            5.0,
            0.0
          ]
        ],
        "width": 1.88,
        "height": 0.94
      },
      {
        "type": "duct",
        "id": "D_branch_1",
        "path": [
          [
            25.0,
            5.0,
            0.0
          ],
          [
            25.0,
            10.0,
            0.0
          ]
        ],
        "width": 0.99,
        "height": 0.66
      },
      {
        "type": "duct",
        "id": "D_branch_2",
        "path": [
          [
            25.0,
            5.0,
            0.0
          ],
          [
            25.0,
            10.0,
            0.0
          ]
        ],
        "width": 0.19,
        "height": 0.13
      },
      {
        "type": "duct",
        "id": "D_branch_3",
        "path": [
          [
            25.0,
            5.0,
            0.0
          ],
          [
            25.0,
            10.0,
            0.0
          ]
        ],
        "width": 0.27,
        "height": 0.18
      },
      {
        "type": "duct",
        "id": "D_branch_4",
        "path": [
          [
            25.0,
            5.0,
            0.0
          ],
          [
            25.0,
            10.0,
            0.0
          ]
        ],
        "width": 0.27,
        "height": 0.18
      },
      {
        "type": "duct",
        "id": "D_branch_5",
        "path": [
          [
            25.0,
            5.0,
            0.0
          ],
          [
            25.0,
            10.0,
            0.0
          ]
        ],
        "width": 0.99,
        "height": 0.66
      },
      {
        "type": "duct",
        "id": "D_branch_6",
        "path": [
          [
            25.0,
            5.0,
            0.0
          ],
          [
            25.0,
            10.0,
            0.0
          ]
        ],
        "width": 0.19,
        "height": 0.13
      },
      {
        "type": "duct",
        "id": "D_branch_7",
        "path": [
          [
            25.0,
            5.0,
            0.0
          ],
          [
            25.0,
            10.0,
            0.0
          ]
        ],
        "width": 0.27,
        "height": 0.18
      },
      {
        "type": "duct",
        "id": "D_branch_8",
        "path": [
          [
            25.0,
            5.0,
            0.0
          ],
          [
            25.0,
            10.0,
            0.0
          ]
        ],
        "width": 0.27,
        "height": 0.18
      },
      {
        "type": "duct",
        "id": "D_branch_9",
        "path": [
          [
            25.0,
            5.0,
            0.0
          ],
          [
            25.0,
            10.0,
            0.0
          ]
        ],
        "width": 0.99,
        "height": 0.66
      },
      {
        "type": "duct",
        "id": "D_branch_10",
        "path": [
          [
            25.0,
            5.0,
            0.0
          ],
          [
            25.0,
            10.0,
            0.0
          ]
        ],
        "width": 0.19,
        "height": 0.13
      },
      {
        "type": "duct",
        "id": "D_branch_11",
        "path": [
          [
            25.0,
            5.0,
            0.0
          ],
          [
            25.0,
            10.0,
            0.0
          ]
        ],
        "width": 0.27,
        "height": 0.18
      },
      {
        "type": "duct",
        "id": "D_branch_12",
        "path": [
          [
            25.0,
            5.0,
            0.0
          ],
          [
            25.0,
            10.0,
            0.0
          ]
        ],
        "width": 0.27,
        "height": 0.18
      },
      {
        "type": "duct",
        "id": "D_main_13",
        "path": [
          [
            5.0,
            5.0,
            0.0
          ],
          [
            25.0,
            5.0,
            0.0
          ]
        ],
        "width": 1.88,
        "height": 0.94
      },
      {
        "type": "duct",
        "id": "D_branch_14",
        "path": [
          [
            25.0,
            5.0,
            0.0
          ],
          [
            25.0,
            10.0,
            0.0
          ]
        ],
        "width": 0.27,
        "height": 0.18
      },
      {
        "type": "duct",
        "id": "D_branch_15",
        "path": [
          [
            25.0,
            5.0,
            0.0
          ],
          [
            25.0,
            10.0,
            0.0
          ]
        ],
        "width": 0.99,
        "height": 0.66
      },
      {
        "type": "duct",
        "id": "D_branch_16",
        "path": [
          [
            25.0,
            5.0,
            0.0
          ],
          [
            25.0,
            10.0,
            0.0
          ]
        ],
        "width": 0.19,
        "height": 0.13
      },
      {
        "type": "duct",
        "id": "D_branch_17",
        "path": [
          [
            25.0,
            5.0,
            0.0
          ],
          [
            25.0,
            10.0,
            0.0
          ]
        ],
        "width": 0.27,
        "height": 0.18
      },
      {
        "type": "duct",
        "id": "D_branch_18",
        "path": [
          [
            25.0,
            5.0,
            0.0
          ],
          [
            25.0,
            10.0,
            0.0
          ]
        ],
        "width": 0.27,
        "height": 0.18
      },
      {
        "type": "duct",
        "id": "D_branch_19",
        "path": [
          [
            25.0,
            5.0,
            0.0
          ],
          [
            25.0,
            10.0,
            0.0
          ]
        ],
        "width": 0.99,
        "height": 0.66
      },
      {
        "type": "duct",
        "id": "D_branch_20",
        "path": [
          [
            25.0,
            5.0,
            0.0
          ],
          [
            25.0,
            10.0,
            0.0
          ]
        ],
        "width": 0.19,
        "height": 0.13
      },
      {
        "type": "duct",
        "id": "D_branch_21",
        "path": [
          [
            25.0,
            5.0,
            0.0
          ],
          [
            25.0,
            10.0,
            0.0
          ]
        ],
        "width": 0.27,
        "height": 0.18
      },
      {
        "type": "duct",
        "id": "D_branch_22",
        "path": [
          [
            25.0,
            5.0,
            0.0
          ],
          [
            25.0,
            10.0,
            0.0
          ]
        ],
        "width": 0.27,
        "height": 0.18
      },
      {
        "type": "duct",
        "id": "D_branch_23",
        "path": [
          [
            25.0,
            5.0,
            0.0
          ],
          [
            25.0,
            10.0,
            0.0
          ]
        ],
        "width": 0.99,
        "height": 0.66
      },
      {
        "type": "duct",
        "id": "D_branch_24",
        "path": [
          [
            25.0,
            5.0,
            0.0
          ],
          [
            25.0,
            10.0,
            0.0
          ]
        ],
        "width": 0.19,
        "height": 0.13
      },
      {
        "type": "duct",
        "id": "D_branch_25",
        "path": [
          [
            25.0,
            5.0,
            0.0
          ],
          [
            25.0,
            10.0,
            0.0
          ]
        ],
        "width": 0.27,
        "height": 0.18
      },
      {
        "type": "duct",
        "id": "D_main_26",
        "path": [
          [
            5.0,
            5.0,
            0.0
          ],
          [
            25.0,
            5.0,
            0.0
          ]
        ],
        "width": 1.88,
        "height": 0.94
      },
      {
        "type": "duct",
        "id": "D_branch_27",
        "path": [
          [
            25.0,
            5.0,
            0.0
          ],
          [
            25.0,
            10.0,
            0.0
          ]
        ],
        "width": 0.27,
        "height": 0.18
      },
      {
        "type": "duct",
        "id": "D_branch_28",
        "path": [
          [
            25.0,
            5.0,
            0.0
          ],
          [
            25.0,
            10.0,
            0.0
          ]
        ],
        "width": 0.27,
        "height": 0.18
      },
      {
        "type": "duct",
        "id": "D_branch_29",
        "path": [
          [
            25.0,
            5.0,
            0.0
          ],
          [
            25.0,
            10.0,
            0.0
          ]
        ],
        "width": 0.99,
        "height": 0.66
      },
      {
        "type": "duct",
        "id": "D_branch_30",
        "path": [
          [
            25.0,
            5.0,
            0.0
          ],
          [
            25.0,
            10.0,
            0.0
          ]
        ],
        "width": 0.19,
        "height": 0.13
      },
      {
        "type": "duct",
        "id": "D_branch_31",
        "path": [
          [
            25.0,
            5.0,
            0.0
          ],
          [
            25.0,
            10.0,
            0.0
          ]
        ],
        "width": 0.27,
        "height": 0.18
      },
      {
        "type": "duct",
        "id": "D_branch_32",
        "path": [
          [
            25.0,
            5.0,
            0.0
          ],
          [
            25.0,
            10.0,
            0.0
          ]
        ],
        "width": 0.27,
        "height": 0.18
      },
      {
        "type": "duct",
        "id": "D_branch_33",
        "path": [
          [
            25.0,
            5.0,
            0.0
          ],
          [
            25.0,
            10.0,
            0.0
          ]
        ],
        "width": 0.99,
        "height": 0.66
      },
      {
        "type": "duct",
        "id": "D_branch_34",
        "path": [
          [
            25.0,
            5.0,
            0.0
          ],
          [
            25.0,
            10.0,
            0.0
          ]
        ],
        "width": 0.19,
        "height": 0.13
      },
      {
        "type": "duct",
        "id": "D_branch_35",
        "path": [
          [
            25.0,
            5.0,
            0.0
          ],
          [
            25.0,
            10.0,
            0.0
          ]
        ],
        "width": 0.27,
        "height": 0.18
      },
      {
        "type": "duct",
        "id": "D_branch_36",
        "path": [
          [
            25.0,
            5.0,
            0.0
          ],
          [
            25.0,
            10.0,
            0.0
          ]
        ],
        "width": 0.27,
        "height": 0.18
      },
      {
        "type": "duct",
        "id": "D_branch_37",
        "path": [
          [
            25.0,
            5.0,
            0.0
          ],
          [
            25.0,
            10.0,
            0.0
          ]
        ],
        "width": 0.99,
        "height": 0.66
      },
      {
        "type": "duct",
        "id": "D_branch_38",
        "path": [
          [
            25.0,
            5.0,
            0.0
          ],
          [
            25.0,
            10.0,
            0.0
          ]
        ],
        "width": 0.19,
        "height": 0.13
      },
      {
        "type": "riser",
        "id": "CW_01",
        "riser_type": "cold_water",
        "position": [
          15.811388300841896,
          14.811388300841896
        ],
        "diameter": 150
      },
      {
        "type": "riser",
        "id": "HW_01",
        "riser_type": "hot_water",
        "position": [
          15.811388300841896,
          15.311388300841896
        ],
        "diameter": 112.5
      },
      {
        "type": "riser",
        "id": "DR_01",
        "riser_type": "drain",
        "position": [
          16.311388300841898,
          14.811388300841896
        ],
        "diameter": 200
      },
      {
        "type": "riser",
        "id": "VT_01",
        "riser_type": "vent",
        "position": [
          16.311388300841898,
          15.311388300841896
        ],
        "diameter": 75
      }
    ]
  },
  "metrics": {
    "cooling_capacity_w_per_m2": 56.4040583528118,
    "electrical_load_w_per_m2": 42.804852254090484,
    "fresh_air_l_per_s_per_m2": 0.8,
    "estimated_eui_kwh_per_m2": 219.8202473408498
  },
  "decisions": [
    {
      "id": "mep_0_1768293467",
      "decision": "analysis_complete",
      "reasoning": "Total cooling load: 508 kW for 36 zones",
      "confidence": 0.8,
      "timestamp": "2026-01-13T11:37:47.483198"
    },
    {
      "id": "mep_1_1768293467",
      "decision": "analysis_complete",
      "reasoning": "Completed analysis with 0 requirements identified",
      "confidence": 0.8,
      "timestamp": "2026-01-13T11:37:47.483210"
    },
    {
      "id": "mep_2_1768293467",
      "decision": "hvac_system_selected",
      "reasoning": "Selected fan_coil_unit system for 508 kW load",
      "confidence": 0.85,
      "timestamp": "2026-01-13T11:37:47.483250"
    },
    {
      "id": "mep_3_1768293467",
      "decision": "design_complete",
      "reasoning": "MEP design complete: 3 AHUs, 39 ducts, 4 risers",
      "confidence": 0.8,
      "timestamp": "2026-01-13T11:37:47.483785"
    },
    {
      "id": "mep_4_1768293467",
      "decision": "design_generated",
      "reasoning": "Generated initial design with 0 elements",
      "confidence": 0.8,
      "timestamp": "2026-01-13T11:37:47.483797"
    },
    {
      "id": "mep_5_1768293467",
      "decision": "design_optimized",
      "reasoning": "Optimized design for efficiency",
      "confidence": 0.8,
      "timestamp": "2026-01-13T11:37:47.483818"
    }
  ],
  "conflicts": [
    {
      "id": "conflict_mep_structural_0",
      "type": "mep_clearance",
      "priority": 80,
      "description": "Duct D_main_0 height 0.94m exceeds available plenum 0.34999999999999987m"
    },
    {
      "id": "conflict_mep_structural_1",
      "type": "mep_clearance",
      "priority": 80,
      "description": "Duct D_branch_1 height 0.66m exceeds available plenum 0.34999999999999987m"
    },
    {
      "id": "conflict_mep_structural_2",
      "type": "mep_clearance",
      "priority": 80,
      "description": "Duct D_branch_5 height 0.66m exceeds available plenum 0.34999999999999987m"
    },
    {
      "id": "conflict_mep_structural_3",
      "type": "mep_clearance",
      "priority": 80,
      "description": "Duct D_branch_9 height 0.66m exceeds available plenum 0.34999999999999987m"
    },
    {
      "id": "conflict_mep_structural_4",
      "type": "mep_clearance",
      "priority": 80,
      "description": "Duct D_main_13 height 0.94m exceeds available plenum 0.34999999999999987m"
    },
    {
      "id": "conflict_mep_structural_5",
      "type": "mep_clearance",
      "priority": 80,
      "description": "Duct D_branch_15 height 0.66m exceeds available plenum 0.34999999999999987m"
    },
    {
      "id": "conflict_mep_structural_6",
      "type": "mep_clearance",
      "priority": 80,
      "description": "Duct D_branch_19 height 0.66m exceeds available plenum 0.34999999999999987m"
    },
    {
      "id": "conflict_mep_structural_7",
      "type": "mep_clearance",
      "priority": 80,
      "description": "Duct D_branch_23 height 0.66m exceeds available plenum 0.34999999999999987m"
    },
    {
      "id": "conflict_mep_structural_8",
      "type": "mep_clearance",
      "priority": 80,
      "description": "Duct D_main_26 height 0.94m exceeds available plenum 0.34999999999999987m"
    },
    {
      "id": "conflict_mep_structural_9",
      "type": "mep_clearance",
      "priority": 80,
      "description": "Duct D_branch_29 height 0.66m exceeds available plenum 0.34999999999999987m"
    },
    {
      "id": "conflict_mep_structural_10",
      "type": "mep_clearance",
      "priority": 80,
      "description": "Duct D_branch_33 height 0.66m exceeds available plenum 0.34999999999999987m"
    },
    {
      "id": "conflict_mep_structural_11",
      "type": "mep_clearance",
      "priority": 80,
      "description": "Duct D_branch_37 height 0.66m exceeds available plenum 0.34999999999999987m"
    }
  ],
  "warnings": [],
  "execution_time": 0.000829,
  "created_at": "2026-01-13T11:37:47.483826"
}