[
  {
    "agent": "architectural",
    "decision": "analysis_complete",
    "reasoning": "Analyzed residential building with 9000.0m\u00b2 GFA",
    "confidence": 0.9,
    "timestamp": "2026-01-13T11:37:47.468875"
  },
  {
    "agent": "architectural",
    "decision": "analysis_complete",
    "reasoning": "Completed analysis with 5 requirements identified",
    "confidence": 0.8,
    "timestamp": "2026-01-13T11:37:47.468883"
  },
  {
    "agent": "architectural",
    "decision": "design_generated",
    "reasoning": "Generated 9 floor plans with rectangular massing",
    "confidence": 0.85,
    "timestamp": "2026-01-13T11:37:47.480378"
  },
  {
    "agent": "architectural",
    "decision": "design_generated",
    "reasoning": "Generated initial design with 0 elements",
    "confidence": 0.8,
    "timestamp": "2026-01-13T11:37:47.480392"
  },
  {
    "agent": "architectural",
    "decision": "validation_complete",
    "reasoning": "Validation failed with 54 issues",
    "confidence": 0.7,
    "timestamp": "2026-01-13T11:37:47.480436"
  },
  {
    "agent": "structural",
    "decision": "analysis_complete",
    "reasoning": "Analyzed 9-story structure with 6.45497224367903m spans",
    "confidence": 0.8,
    "timestamp": "2026-01-13T11:37:47.481058"
  },
  {
    "agent": "structural",
    "decision": "analysis_complete",
    "reasoning": "Completed analysis with 0 requirements identified",
    "confidence": 0.8,
    "timestamp": "2026-01-13T11:37:47.481064"
  },
  {
    "agent": "structural",
    "decision": "system_selected",
    "reasoning": "Selected moment_frame with concrete for 9-story residential. This system provides optimal balance of structural efficiency, architectural flexibility, and cost-effectiveness.",
    "confidence": 0.85,
    "timestamp": "2026-01-13T11:37:47.481147"
  },
  {
    "agent": "structural",
    "decision": "design_complete",
    "reasoning": "Designed moment_frame system with 35 columns, 522 beams",
    "confidence": 0.8,
    "timestamp": "2026-01-13T11:37:47.482783"
  },
  {
    "agent": "structural",
    "decision": "design_generated",
    "reasoning": "Generated initial design with 0 elements",
    "confidence": 0.8,
    "timestamp": "2026-01-13T11:37:47.482815"
  },
  {
    "agent": "mep",
    "decision": "analysis_complete",
    "reasoning": "Total cooling load: 508 kW for 36 zones",
    "confidence": 0.8,
    "timestamp": "2026-01-13T11:37:47.483198"
  },
  {
    "agent": "mep",
    "decision": "analysis_complete",
    "reasoning": "Completed analysis with 0 requirements identified",
    "confidence": 0.8,
    "timestamp": "2026-01-13T11:37:47.483210"
  },
  {
    "agent": "mep",
    "decision": "hvac_system_selected",
    "reasoning": "Selected fan_coil_unit system for 508 kW load",
    "confidence": 0.85,
    "timestamp": "2026-01-13T11:37:47.483250"
  },
  {
    "agent": "mep",
    "decision": "design_complete",
    "reasoning": "MEP design complete: 3 AHUs, 39 ducts, 4 risers",
    "confidence": 0.8,
    "timestamp": "2026-01-13T11:37:47.483785"
  },
  {
    "agent": "mep",
    "decision": "design_generated",
    "reasoning": "Generated initial design with 0 elements",
    "confidence": 0.8,
    "timestamp": "2026-01-13T11:37:47.483797"
  },
  {
    "agent": "mep",
    "decision": "design_optimized",
    "reasoning": "Optimized design for efficiency",
    "confidence": 0.8,
    "timestamp": "2026-01-13T11:37:47.483818"
  },
  {
    "agent": "interior",
    "decision": "analysis_complete",
    "reasoning": "Selected modern style with standard finish grade for 36 spaces",
    "confidence": 0.8,
    "timestamp": "2026-01-13T11:37:47.484159"
  },
  {
    "agent": "interior",
    "decision": "analysis_complete",
    "reasoning": "Completed analysis with 0 requirements identified",
    "confidence": 0.8,
    "timestamp": "2026-01-13T11:37:47.484243"
  },
  {
    "agent": "interior",
    "decision": "design_complete",
    "reasoning": "Interior design complete: 180 furniture items, 1296 lighting fixtures",
    "confidence": 0.8,
    "timestamp": "2026-01-13T11:37:47.486708"
  },
  {
    "agent": "interior",
    "decision": "design_generated",
    "reasoning": "Generated initial design with 0 elements",
    "confidence": 0.8,
    "timestamp": "2026-01-13T11:37:47.486757"
  }
]