[
  {
    "agent": "architectural",
    "decision": "analysis_complete",
    "reasoning": "Analyzed office building with 5000.0m\u00b2 GFA",
    "confidence": 0.9,
    "timestamp": "2026-01-14T07:38:29.107233"
  },
  {
    "agent": "architectural",
    "decision": "analysis_complete",
    "reasoning": "Completed analysis with 5 requirements identified",
    "confidence": 0.8,
    "timestamp": "2026-01-14T07:38:29.107242"
  },
  {
    "agent": "architectural",
    "decision": "design_generated",
    "reasoning": "Generated 10 floor plans with rectangular massing",
    "confidence": 0.85,
    "timestamp": "2026-01-14T07:38:29.130215"
  },
  {
    "agent": "architectural",
    "decision": "design_generated",
    "reasoning": "Generated initial design with 0 elements",
    "confidence": 0.8,
    "timestamp": "2026-01-14T07:38:29.130228"
  },
  {
    "agent": "architectural",
    "decision": "validation_complete",
    "reasoning": "Validation failed with 99 issues",
    "confidence": 0.7,
    "timestamp": "2026-01-14T07:38:29.130392"
  }
]