[
  {
    "agent": "architectural",
    "decision": "analysis_complete",
    "reasoning": "Analyzed office building with 15000.0m\u00b2 GFA",
    "confidence": 0.9,
    "timestamp": "2026-01-14T10:20:59.658312"
  },
  {
    "agent": "architectural",
    "decision": "analysis_complete",
    "reasoning": "Completed analysis with 5 requirements identified",
    "confidence": 0.8,
    "timestamp": "2026-01-14T10:20:59.658322"
  },
  {
    "agent": "architectural",
    "decision": "design_generated",
    "reasoning": "Generated 20 floor plans with rectangular massing",
    "confidence": 0.85,
    "timestamp": "2026-01-14T10:20:59.674824"
  },
  {
    "agent": "architectural",
    "decision": "design_generated",
    "reasoning": "Generated initial design with 0 elements",
    "confidence": 0.8,
    "timestamp": "2026-01-14T10:20:59.674843"
  },
  {
    "agent": "architectural",
    "decision": "validation_complete",
    "reasoning": "Validation failed with 199 issues",
    "confidence": 0.7,
    "timestamp": "2026-01-14T10:20:59.675902"
  }
]