[
  {
    "agent": "architectural",
    "decision": "analysis_complete",
    "reasoning": "Analyzed residential building with 8000.0m\u00b2 GFA",
    "confidence": 0.9,
    "timestamp": "2026-01-13T16:13:38.118524"
  },
  {
    "agent": "architectural",
    "decision": "analysis_complete",
    "reasoning": "Completed analysis with 5 requirements identified",
    "confidence": 0.8,
    "timestamp": "2026-01-13T16:13:38.118537"
  },
  {
    "agent": "architectural",
    "decision": "design_generated",
    "reasoning": "Generated 8 floor plans with rectangular massing",
    "confidence": 0.85,
    "timestamp": "2026-01-13T16:13:38.124109"
  },
  {
    "agent": "architectural",
    "decision": "design_generated",
    "reasoning": "Generated initial design with 0 elements",
    "confidence": 0.8,
    "timestamp": "2026-01-13T16:13:38.124124"
  },
  {
    "agent": "architectural",
    "decision": "validation_complete",
    "reasoning": "Validation failed with 184 issues",
    "confidence": 0.7,
    "timestamp": "2026-01-13T16:13:38.124185"
  },
  {
    "agent": "structural",
    "decision": "analysis_complete",
    "reasoning": "Analyzed 8-story structure with 6.45497224367903m spans",
    "confidence": 0.8,
    "timestamp": "2026-01-13T16:13:38.125971"
  },
  {
    "agent": "structural",
    "decision": "analysis_complete",
    "reasoning": "Completed analysis with 0 requirements identified",
    "confidence": 0.8,
    "timestamp": "2026-01-13T16:13:38.125979"
  },
  {
    "agent": "structural",
    "decision": "system_selected",
    "reasoning": "Selected moment_frame with concrete for 8-story residential. This system provides optimal balance of structural efficiency, architectural flexibility, and cost-effectiveness.",
    "confidence": 0.85,
    "timestamp": "2026-01-13T16:13:38.126046"
  },
  {
    "agent": "structural",
    "decision": "design_complete",
    "reasoning": "Designed moment_frame system with 35 columns, 464 beams",
    "confidence": 0.8,
    "timestamp": "2026-01-13T16:13:38.127881"
  },
  {
    "agent": "structural",
    "decision": "design_generated",
    "reasoning": "Generated initial design with 0 elements",
    "confidence": 0.8,
    "timestamp": "2026-01-13T16:13:38.127920"
  },
  {
    "agent": "mep",
    "decision": "analysis_complete",
    "reasoning": "Total cooling load: 871 kW for 192 zones",
    "confidence": 0.8,
    "timestamp": "2026-01-13T16:13:38.128564"
  },
  {
    "agent": "mep",
    "decision": "analysis_complete",
    "reasoning": "Completed analysis with 0 requirements identified",
    "confidence": 0.8,
    "timestamp": "2026-01-13T16:13:38.128578"
  },
  {
    "agent": "mep",
    "decision": "hvac_system_selected",
    "reasoning": "Selected fan_coil_unit system for 871 kW load",
    "confidence": 0.85,
    "timestamp": "2026-01-13T16:13:38.128718"
  },
  {
    "agent": "mep",
    "decision": "design_complete",
    "reasoning": "MEP design complete: 5 AHUs, 197 ducts, 4 risers",
    "confidence": 0.8,
    "timestamp": "2026-01-13T16:13:38.130269"
  },
  {
    "agent": "mep",
    "decision": "design_generated",
    "reasoning": "Generated initial design with 0 elements",
    "confidence": 0.8,
    "timestamp": "2026-01-13T16:13:38.130297"
  },
  {
    "agent": "mep",
    "decision": "design_optimized",
    "reasoning": "Optimized design for efficiency",
    "confidence": 0.8,
    "timestamp": "2026-01-13T16:13:38.130353"
  },
  {
    "agent": "interior",
    "decision": "analysis_complete",
    "reasoning": "Selected modern style with standard finish grade for 192 spaces",
    "confidence": 0.8,
    "timestamp": "2026-01-13T16:13:38.130500"
  },
  {
    "agent": "interior",
    "decision": "analysis_complete",
    "reasoning": "Completed analysis with 0 requirements identified",
    "confidence": 0.8,
    "timestamp": "2026-01-13T16:13:38.130505"
  },
  {
    "agent": "interior",
    "decision": "design_complete",
    "reasoning": "Interior design complete: 864 furniture items, 1136 lighting fixtures",
    "confidence": 0.8,
    "timestamp": "2026-01-13T16:13:38.135145"
  },
  {
    "agent": "interior",
    "decision": "design_generated",
    "reasoning": "Generated initial design with 0 elements",
    "confidence": 0.8,
    "timestamp": "2026-01-13T16:13:38.135238"
  }
]