{
  "resolved": [],
  "unresolved": [
    {
      "id": "conflict_mep_structural_0",
      "type": "mep_clearance",
      "priority": 80,
      "source": "mep",
      "target": "structural",
      "description": "Duct D_main_0 height 0.95m exceeds available plenum 0.34999999999999987m"
    },
    {
      "id": "conflict_mep_structural_1",
      "type": "mep_clearance",
      "priority": 80,
      "source": "mep",
      "target": "structural",
      "description": "Duct D_branch_10 height 0.33m exceeds available plenum 0.34999999999999987m"
    },
    {
      "id": "conflict_mep_structural_2",
      "type": "mep_clearance",
      "priority": 80,
      "source": "mep",
      "target": "structural",
      "description": "Duct D_branch_15 height 0.3m exceeds available plenum 0.34999999999999987m"
    },
    {
      "id": "conflict_mep_structural_3",
      "type": "mep_clearance",
      "priority": 80,
      "source": "mep",
      "target": "structural",
      "description": "Duct D_branch_19 height 0.33m exceeds available plenum 0.34999999999999987m"
    },
    {
      "id": "conflict_mep_structural_4",
      "type": "mep_clearance",
      "priority": 80,
      "source": "mep",
      "target": "structural",
      "description": "Duct D_branch_24 height 0.3m exceeds available plenum 0.34999999999999987m"
    },
    {
      "id": "conflict_mep_structural_5",
      "type": "mep_clearance",
      "priority": 80,
      "source": "mep",
      "target": "structural",
      "description": "Duct D_branch_34 height 0.33m exceeds available plenum 0.34999999999999987m"
    },
    {
      "id": "conflict_mep_structural_6",
      "type": "mep_clearance",
      "priority": 80,
      "source": "mep",
      "target": "structural",
      "description": "Duct D_branch_39 height 0.3m exceeds available plenum 0.34999999999999987m"
    },
    {
      "id": "conflict_mep_structural_7",
      "type": "mep_clearance",
      "priority": 80,
      "source": "mep",
      "target": "structural",
      "description": "Duct D_main_40 height 0.95m exceeds available plenum 0.34999999999999987m"
    },
    {
      "id": "conflict_mep_structural_8",
      "type": "mep_clearance",
      "priority": 80,
      "source": "mep",
      "target": "structural",
      "description": "Duct D_branch_45 height 0.33m exceeds available plenum 0.34999999999999987m"
    },
    {
      "id": "conflict_mep_structural_9",
      "type": "mep_clearance",
      "priority": 80,
      "source": "mep",
      "target": "structural",
      "description": "Duct D_branch_50 height 0.3m exceeds available plenum 0.34999999999999987m"
    },
    {
      "id": "conflict_mep_structural_10",
      "type": "mep_clearance",
      "priority": 80,
      "source": "mep",
      "target": "structural",
      "description": "Duct D_branch_54 height 0.33m exceeds available plenum 0.34999999999999987m"
    },
    {
      "id": "conflict_mep_structural_11",
      "type": "mep_clearance",
      "priority": 80,
      "source": "mep",
      "target": "structural",
      "description": "Duct D_branch_59 height 0.3m exceeds available plenum 0.34999999999999987m"
    },
    {
      "id": "conflict_mep_structural_12",
      "type": "mep_clearance",
      "priority": 80,
      "source": "mep",
      "target": "structural",
      "description": "Duct D_branch_69 height 0.33m exceeds available plenum 0.34999999999999987m"
    },
    {
      "id": "conflict_mep_structural_13",
      "type": "mep_clearance",
      "priority": 80,
      "source": "mep",
      "target": "structural",
      "description": "Duct D_branch_74 height 0.3m exceeds available plenum 0.34999999999999987m"
    },
    {
      "id": "conflict_mep_structural_14",
      "type": "mep_clearance",
      "priority": 80,
      "source": "mep",
      "target": "structural",
      "description": "Duct D_branch_78 height 0.33m exceeds available plenum 0.34999999999999987m"
    },
    {
      "id": "conflict_mep_structural_15",
      "type": "mep_clearance",
      "priority": 80,
      "source": "mep",
      "target": "structural",
      "description": "Duct D_main_80 height 0.95m exceeds available plenum 0.34999999999999987m"
    },
    {
      "id": "conflict_mep_structural_16",
      "type": "mep_clearance",
      "priority": 80,
      "source": "mep",
      "target": "structural",
      "description": "Duct D_branch_85 height 0.3m exceeds available plenum 0.34999999999999987m"
    },
    {
      "id": "conflict_mep_structural_17",
      "type": "mep_clearance",
      "priority": 80,
      "source": "mep",
      "target": "structural",
      "description": "Duct D_branch_89 height 0.33m exceeds available plenum 0.34999999999999987m"
    },
    {
      "id": "conflict_mep_structural_18",
      "type": "mep_clearance",
      "priority": 80,
      "source": "mep",
      "target": "structural",
      "description": "Duct D_branch_94 height 0.3m exceeds available plenum 0.34999999999999987m"
    },
    {
      "id": "conflict_mep_structural_19",
      "type": "mep_clearance",
      "priority": 80,
      "source": "mep",
      "target": "structural",
      "description": "Duct D_branch_104 height 0.33m exceeds available plenum 0.34999999999999987m"
    },
    {
      "id": "conflict_mep_structural_20",
      "type": "mep_clearance",
      "priority": 80,
      "source": "mep",
      "target": "structural",
      "description": "Duct D_branch_109 height 0.3m exceeds available plenum 0.34999999999999987m"
    },
    {
      "id": "conflict_mep_structural_21",
      "type": "mep_clearance",
      "priority": 80,
      "source": "mep",
      "target": "structural",
      "description": "Duct D_branch_113 height 0.33m exceeds available plenum 0.34999999999999987m"
    },
    {
      "id": "conflict_mep_structural_22",
      "type": "mep_clearance",
      "priority": 80,
      "source": "mep",
      "target": "structural",
      "description": "Duct D_branch_118 height 0.3m exceeds available plenum 0.34999999999999987m"
    },
    {
      "id": "conflict_mep_structural_23",
      "type": "mep_clearance",
      "priority": 80,
      "source": "mep",
      "target": "structural",
      "description": "Duct D_main_119 height 0.95m exceeds available plenum 0.34999999999999987m"
    },
    {
      "id": "conflict_mep_structural_24",
      "type": "mep_clearance",
      "priority": 80,
      "source": "mep",
      "target": "structural",
      "description": "Duct D_branch_123 height 0.33m exceeds available plenum 0.34999999999999987m"
    },
    {
      "id": "conflict_mep_structural_25",
      "type": "mep_clearance",
      "priority": 80,
      "source": "mep",
      "target": "structural",
      "description": "Duct D_branch_128 height 0.3m exceeds available plenum 0.34999999999999987m"
    },
    {
      "id": "conflict_mep_structural_26",
      "type": "mep_clearance",
      "priority": 80,
      "source": "mep",
      "target": "structural",
      "description": "Duct D_branch_138 height 0.33m exceeds available plenum 0.34999999999999987m"
    },
    {
      "id": "conflict_mep_structural_27",
      "type": "mep_clearance",
      "priority": 80,
      "source": "mep",
      "target": "structural",
      "description": "Duct D_branch_143 height 0.3m exceeds available plenum 0.34999999999999987m"
    },
    {
      "id": "conflict_mep_structural_28",
      "type": "mep_clearance",
      "priority": 80,
      "source": "mep",
      "target": "structural",
      "description": "Duct D_branch_147 height 0.33m exceeds available plenum 0.34999999999999987m"
    },
    {
      "id": "conflict_mep_structural_29",
      "type": "mep_clearance",
      "priority": 80,
      "source": "mep",
      "target": "structural",
      "description": "Duct D_branch_152 height 0.3m exceeds available plenum 0.34999999999999987m"
    },
    {
      "id": "conflict_mep_structural_30",
      "type": "mep_clearance",
      "priority": 80,
      "source": "mep",
      "target": "structural",
      "description": "Duct D_main_158 height 0.95m exceeds available plenum 0.34999999999999987m"
    },
    {
      "id": "conflict_mep_structural_31",
      "type": "mep_clearance",
      "priority": 80,
      "source": "mep",
      "target": "structural",
      "description": "Duct D_branch_162 height 0.3m exceeds available plenum 0.34999999999999987m"
    },
    {
      "id": "conflict_mep_structural_32",
      "type": "mep_clearance",
      "priority": 80,
      "source": "mep",
      "target": "structural",
      "description": "Duct D_branch_172 height 0.33m exceeds available plenum 0.34999999999999987m"
    },
    {
      "id": "conflict_mep_structural_33",
      "type": "mep_clearance",
      "priority": 80,
      "source": "mep",
      "target": "structural",
      "description": "Duct D_branch_177 height 0.3m exceeds available plenum 0.34999999999999987m"
    },
    {
      "id": "conflict_mep_structural_34",
      "type": "mep_clearance",
      "priority": 80,
      "source": "mep",
      "target": "structural",
      "description": "Duct D_branch_181 height 0.33m exceeds available plenum 0.34999999999999987m"
    },
    {
      "id": "conflict_mep_structural_35",
      "type": "mep_clearance",
      "priority": 80,
      "source": "mep",
      "target": "structural",
      "description": "Duct D_branch_186 height 0.3m exceeds available plenum 0.34999999999999987m"
    },
    {
      "id": "conflict_mep_structural_36",
      "type": "mep_clearance",
      "priority": 80,
      "source": "mep",
      "target": "structural",
      "description": "Duct D_branch_196 height 0.33m exceeds available plenum 0.34999999999999987m"
    }
  ]
}