{
  "resolved": [],
  "unresolved": [
    {
      "id": "conflict_mep_structural_0",
      "type": "mep_clearance",
      "priority": 80,
      "source": "mep",
      "target": "structural",
      "description": "Duct D_main_0 height 0.95m exceeds available plenum 0.34999999999999987m"
    },
    {
      "id": "conflict_mep_structural_1",
      "type": "mep_clearance",
      "priority": 80,
      "source": "mep",
      "target": "structural",
      "description": "Duct D_main_7 height 0.95m exceeds available plenum 0.34999999999999987m"
    },
    {
      "id": "conflict_mep_structural_2",
      "type": "mep_clearance",
      "priority": 80,
      "source": "mep",
      "target": "structural",
      "description": "Duct D_branch_12 height 0.33m exceeds available plenum 0.34999999999999987m"
    },
    {
      "id": "conflict_mep_structural_3",
      "type": "mep_clearance",
      "priority": 80,
      "source": "mep",
      "target": "structural",
      "description": "Duct D_main_14 height 0.95m exceeds available plenum 0.34999999999999987m"
    },
    {
      "id": "conflict_mep_structural_4",
      "type": "mep_clearance",
      "priority": 80,
      "source": "mep",
      "target": "structural",
      "description": "Duct D_branch_19 height 0.3m exceeds available plenum 0.34999999999999987m"
    },
    {
      "id": "conflict_mep_structural_5",
      "type": "mep_clearance",
      "priority": 80,
      "source": "mep",
      "target": "structural",
      "description": "Duct D_main_21 height 0.95m exceeds available plenum 0.34999999999999987m"
    },
    {
      "id": "conflict_mep_structural_6",
      "type": "mep_clearance",
      "priority": 80,
      "source": "mep",
      "target": "structural",
      "description": "Duct D_branch_25 height 0.33m exceeds available plenum 0.34999999999999987m"
    },
    {
      "id": "conflict_mep_structural_7",
      "type": "mep_clearance",
      "priority": 80,
      "source": "mep",
      "target": "structural",
      "description": "Duct D_main_28 height 0.95m exceeds available plenum 0.34999999999999987m"
    },
    {
      "id": "conflict_mep_structural_8",
      "type": "mep_clearance",
      "priority": 80,
      "source": "mep",
      "target": "structural",
      "description": "Duct D_branch_32 height 0.3m exceeds available plenum 0.34999999999999987m"
    }
  ]
}