[
  {
    "agent": "architectural",
    "decision": "analysis_complete",
    "reasoning": "Analyzed residential building with 8000.0m\u00b2 GFA",
    "confidence": 0.9,
    "timestamp": "2026-01-13T11:47:23.288142"
  },
  {
    "agent": "architectural",
    "decision": "analysis_complete",
    "reasoning": "Completed analysis with 5 requirements identified",
    "confidence": 0.8,
    "timestamp": "2026-01-13T11:47:23.288153"
  },
  {
    "agent": "architectural",
    "decision": "design_generated",
    "reasoning": "Generated 8 floor plans with rectangular massing",
    "confidence": 0.85,
    "timestamp": "2026-01-13T11:47:23.301603"
  },
  {
    "agent": "architectural",
    "decision": "design_generated",
    "reasoning": "Generated initial design with 0 elements",
    "confidence": 0.8,
    "timestamp": "2026-01-13T11:47:23.301618"
  },
  {
    "agent": "architectural",
    "decision": "validation_complete",
    "reasoning": "Validation failed with 48 issues",
    "confidence": 0.7,
    "timestamp": "2026-01-13T11:47:23.301657"
  },
  {
    "agent": "structural",
    "decision": "analysis_complete",
    "reasoning": "Analyzed 8-story structure with 6.45497224367903m spans",
    "confidence": 0.8,
    "timestamp": "2026-01-13T11:47:23.302606"
  },
  {
    "agent": "structural",
    "decision": "analysis_complete",
    "reasoning": "Completed analysis with 0 requirements identified",
    "confidence": 0.8,
    "timestamp": "2026-01-13T11:47:23.302614"
  },
  {
    "agent": "structural",
    "decision": "system_selected",
    "reasoning": "Selected moment_frame with concrete for 8-story residential. This system provides optimal balance of structural efficiency, architectural flexibility, and cost-effectiveness.",
    "confidence": 0.85,
    "timestamp": "2026-01-13T11:47:23.303695"
  },
  {
    "agent": "structural",
    "decision": "design_complete",
    "reasoning": "Designed moment_frame system with 35 columns, 464 beams",
    "confidence": 0.8,
    "timestamp": "2026-01-13T11:47:23.307508"
  },
  {
    "agent": "structural",
    "decision": "design_generated",
    "reasoning": "Generated initial design with 0 elements",
    "confidence": 0.8,
    "timestamp": "2026-01-13T11:47:23.307539"
  },
  {
    "agent": "mep",
    "decision": "analysis_complete",
    "reasoning": "Total cooling load: 460 kW for 32 zones",
    "confidence": 0.8,
    "timestamp": "2026-01-13T11:47:23.307968"
  },
  {
    "agent": "mep",
    "decision": "analysis_complete",
    "reasoning": "Completed analysis with 0 requirements identified",
    "confidence": 0.8,
    "timestamp": "2026-01-13T11:47:23.307978"
  },
  {
    "agent": "mep",
    "decision": "hvac_system_selected",
    "reasoning": "Selected fan_coil_unit system for 460 kW load",
    "confidence": 0.85,
    "timestamp": "2026-01-13T11:47:23.308011"
  },
  {
    "agent": "mep",
    "decision": "design_complete",
    "reasoning": "MEP design complete: 3 AHUs, 35 ducts, 4 risers",
    "confidence": 0.8,
    "timestamp": "2026-01-13T11:47:23.308490"
  },
  {
    "agent": "mep",
    "decision": "design_generated",
    "reasoning": "Generated initial design with 0 elements",
    "confidence": 0.8,
    "timestamp": "2026-01-13T11:47:23.308501"
  },
  {
    "agent": "mep",
    "decision": "design_optimized",
    "reasoning": "Optimized design for efficiency",
    "confidence": 0.8,
    "timestamp": "2026-01-13T11:47:23.308521"
  },
  {
    "agent": "interior",
    "decision": "analysis_complete",
    "reasoning": "Selected modern style with standard finish grade for 32 spaces",
    "confidence": 0.8,
    "timestamp": "2026-01-13T11:47:23.308717"
  },
  {
    "agent": "interior",
    "decision": "analysis_complete",
    "reasoning": "Completed analysis with 0 requirements identified",
    "confidence": 0.8,
    "timestamp": "2026-01-13T11:47:23.308724"
  },
  {
    "agent": "interior",
    "decision": "design_complete",
    "reasoning": "Interior design complete: 160 furniture items, 1168 lighting fixtures",
    "confidence": 0.8,
    "timestamp": "2026-01-13T11:47:23.313043"
  },
  {
    "agent": "interior",
    "decision": "design_generated",
    "reasoning": "Generated initial design with 0 elements",
    "confidence": 0.8,
    "timestamp": "2026-01-13T11:47:23.313095"
  }
]