[
  {
    "agent": "architectural",
    "decision": "analysis_complete",
    "reasoning": "Analyzed residential building with 8000.0m\u00b2 GFA",
    "confidence": 0.9,
    "timestamp": "2026-01-13T19:25:31.028337"
  },
  {
    "agent": "architectural",
    "decision": "analysis_complete",
    "reasoning": "Completed analysis with 5 requirements identified",
    "confidence": 0.8,
    "timestamp": "2026-01-13T19:25:31.028347"
  },
  {
    "agent": "architectural",
    "decision": "design_generated",
    "reasoning": "Generated 8 floor plans with rectangular massing",
    "confidence": 0.85,
    "timestamp": "2026-01-13T19:25:31.040979"
  },
  {
    "agent": "architectural",
    "decision": "design_generated",
    "reasoning": "Generated initial design with 0 elements",
    "confidence": 0.8,
    "timestamp": "2026-01-13T19:25:31.041002"
  },
  {
    "agent": "architectural",
    "decision": "validation_complete",
    "reasoning": "Validation failed with 184 issues",
    "confidence": 0.7,
    "timestamp": "2026-01-13T19:25:31.041080"
  }
]