[
  {
    "agent": "architectural",
    "decision": "analysis_complete",
    "reasoning": "Analyzed office building with 5000.0m\u00b2 GFA",
    "confidence": 0.9,
    "timestamp": "2026-01-25T10:37:56.336817"
  },
  {
    "agent": "architectural",
    "decision": "analysis_complete",
    "reasoning": "Completed analysis with 5 requirements identified",
    "confidence": 0.8,
    "timestamp": "2026-01-25T10:37:56.336828"
  },
  {
    "agent": "architectural",
    "decision": "design_generated",
    "reasoning": "Generated 5 floor plans with rectangular massing",
    "confidence": 0.85,
    "timestamp": "2026-01-25T10:37:56.339358"
  },
  {
    "agent": "architectural",
    "decision": "design_generated",
    "reasoning": "Generated initial design with 0 elements",
    "confidence": 0.8,
    "timestamp": "2026-01-25T10:37:56.339366"
  },
  {
    "agent": "architectural",
    "decision": "validation_complete",
    "reasoning": "Validation failed with 15 issues",
    "confidence": 0.7,
    "timestamp": "2026-01-25T10:37:56.339459"
  },
  {
    "agent": "structural",
    "decision": "analysis_complete",
    "reasoning": "Analyzed 5-story structure with 9.245003270420487m spans",
    "confidence": 0.8,
    "timestamp": "2026-01-25T10:37:56.339732"
  },
  {
    "agent": "structural",
    "decision": "analysis_complete",
    "reasoning": "Completed analysis with 0 requirements identified",
    "confidence": 0.8,
    "timestamp": "2026-01-25T10:37:56.339737"
  },
  {
    "agent": "structural",
    "decision": "system_selected",
    "reasoning": "Selected moment_frame with concrete for 5-story office. This system provides optimal balance of structural efficiency, architectural flexibility, and cost-effectiveness.",
    "confidence": 0.85,
    "timestamp": "2026-01-25T10:37:56.339797"
  },
  {
    "agent": "structural",
    "decision": "design_complete",
    "reasoning": "Designed moment_frame system with 20 columns, 155 beams",
    "confidence": 0.8,
    "timestamp": "2026-01-25T10:37:56.340793"
  },
  {
    "agent": "structural",
    "decision": "design_generated",
    "reasoning": "Generated initial design with 0 elements",
    "confidence": 0.8,
    "timestamp": "2026-01-25T10:37:56.340810"
  },
  {
    "agent": "mep",
    "decision": "analysis_complete",
    "reasoning": "Total cooling load: 196 kW for 35 zones",
    "confidence": 0.8,
    "timestamp": "2026-01-25T10:37:56.341068"
  },
  {
    "agent": "mep",
    "decision": "analysis_complete",
    "reasoning": "Completed analysis with 0 requirements identified",
    "confidence": 0.8,
    "timestamp": "2026-01-25T10:37:56.341074"
  },
  {
    "agent": "mep",
    "decision": "hvac_system_selected",
    "reasoning": "Selected variable_air_volume system for 196 kW load",
    "confidence": 0.85,
    "timestamp": "2026-01-25T10:37:56.341112"
  },
  {
    "agent": "mep",
    "decision": "design_complete",
    "reasoning": "MEP design complete: 1 AHUs, 7 ducts, 4 risers",
    "confidence": 0.8,
    "timestamp": "2026-01-25T10:37:56.341328"
  },
  {
    "agent": "mep",
    "decision": "design_generated",
    "reasoning": "Generated initial design with 0 elements",
    "confidence": 0.8,
    "timestamp": "2026-01-25T10:37:56.341334"
  },
  {
    "agent": "mep",
    "decision": "design_optimized",
    "reasoning": "Optimized design for efficiency",
    "confidence": 0.8,
    "timestamp": "2026-01-25T10:37:56.341349"
  },
  {
    "agent": "interior",
    "decision": "analysis_complete",
    "reasoning": "Selected modern style with standard finish grade for 35 spaces",
    "confidence": 0.8,
    "timestamp": "2026-01-25T10:37:56.341447"
  },
  {
    "agent": "interior",
    "decision": "analysis_complete",
    "reasoning": "Completed analysis with 0 requirements identified",
    "confidence": 0.8,
    "timestamp": "2026-01-25T10:37:56.341451"
  },
  {
    "agent": "interior",
    "decision": "design_complete",
    "reasoning": "Interior design complete: 165 furniture items, 775 lighting fixtures",
    "confidence": 0.8,
    "timestamp": "2026-01-25T10:37:56.342975"
  },
  {
    "agent": "interior",
    "decision": "design_generated",
    "reasoning": "Generated initial design with 0 elements",
    "confidence": 0.8,
    "timestamp": "2026-01-25T10:37:56.343007"
  }
]