[
  {
    "agent": "architectural",
    "decision": "analysis_complete",
    "reasoning": "Analyzed residential building with 1000.0m\u00b2 GFA",
    "confidence": 0.9,
    "timestamp": "2026-01-25T10:34:25.506148"
  },
  {
    "agent": "architectural",
    "decision": "analysis_complete",
    "reasoning": "Completed analysis with 5 requirements identified",
    "confidence": 0.8,
    "timestamp": "2026-01-25T10:34:25.506158"
  },
  {
    "agent": "architectural",
    "decision": "design_generated",
    "reasoning": "Generated 2 floor plans with rectangular massing",
    "confidence": 0.85,
    "timestamp": "2026-01-25T10:34:25.509689"
  },
  {
    "agent": "architectural",
    "decision": "design_generated",
    "reasoning": "Generated initial design with 0 elements",
    "confidence": 0.8,
    "timestamp": "2026-01-25T10:34:25.509698"
  },
  {
    "agent": "architectural",
    "decision": "validation_complete",
    "reasoning": "Validation failed with 6 issues",
    "confidence": 0.7,
    "timestamp": "2026-01-25T10:34:25.509750"
  },
  {
    "agent": "structural",
    "decision": "analysis_complete",
    "reasoning": "Analyzed 2-story structure with 6.846531968814578m spans",
    "confidence": 0.8,
    "timestamp": "2026-01-25T10:34:25.509992"
  },
  {
    "agent": "structural",
    "decision": "analysis_complete",
    "reasoning": "Completed analysis with 0 requirements identified",
    "confidence": 0.8,
    "timestamp": "2026-01-25T10:34:25.509998"
  },
  {
    "agent": "structural",
    "decision": "system_selected",
    "reasoning": "Selected flat_slab with concrete for 2-story residential. This system provides optimal balance of structural efficiency, architectural flexibility, and cost-effectiveness.",
    "confidence": 0.85,
    "timestamp": "2026-01-25T10:34:25.510053"
  },
  {
    "agent": "structural",
    "decision": "design_complete",
    "reasoning": "Designed flat_slab system with 20 columns, 62 beams",
    "confidence": 0.8,
    "timestamp": "2026-01-25T10:34:25.510345"
  },
  {
    "agent": "structural",
    "decision": "design_generated",
    "reasoning": "Generated initial design with 0 elements",
    "confidence": 0.8,
    "timestamp": "2026-01-25T10:34:25.510355"
  },
  {
    "agent": "mep",
    "decision": "analysis_complete",
    "reasoning": "Total cooling load: 54 kW for 14 zones",
    "confidence": 0.8,
    "timestamp": "2026-01-25T10:34:25.510574"
  },
  {
    "agent": "mep",
    "decision": "analysis_complete",
    "reasoning": "Completed analysis with 0 requirements identified",
    "confidence": 0.8,
    "timestamp": "2026-01-25T10:34:25.510579"
  },
  {
    "agent": "mep",
    "decision": "hvac_system_selected",
    "reasoning": "Selected fan_coil_unit system for 54 kW load",
    "confidence": 0.85,
    "timestamp": "2026-01-25T10:34:25.510601"
  },
  {
    "agent": "mep",
    "decision": "design_complete",
    "reasoning": "MEP design complete: 1 AHUs, 7 ducts, 4 risers",
    "confidence": 0.8,
    "timestamp": "2026-01-25T10:34:25.510760"
  },
  {
    "agent": "mep",
    "decision": "design_generated",
    "reasoning": "Generated initial design with 0 elements",
    "confidence": 0.8,
    "timestamp": "2026-01-25T10:34:25.510770"
  },
  {
    "agent": "mep",
    "decision": "design_optimized",
    "reasoning": "Optimized design for efficiency",
    "confidence": 0.8,
    "timestamp": "2026-01-25T10:34:25.510785"
  },
  {
    "agent": "interior",
    "decision": "analysis_complete",
    "reasoning": "Selected modern style with standard finish grade for 14 spaces",
    "confidence": 0.8,
    "timestamp": "2026-01-25T10:34:25.510873"
  },
  {
    "agent": "interior",
    "decision": "analysis_complete",
    "reasoning": "Completed analysis with 0 requirements identified",
    "confidence": 0.8,
    "timestamp": "2026-01-25T10:34:25.510877"
  },
  {
    "agent": "interior",
    "decision": "design_complete",
    "reasoning": "Interior design complete: 70 furniture items, 142 lighting fixtures",
    "confidence": 0.8,
    "timestamp": "2026-01-25T10:34:25.511737"
  },
  {
    "agent": "interior",
    "decision": "design_generated",
    "reasoning": "Generated initial design with 0 elements",
    "confidence": 0.8,
    "timestamp": "2026-01-25T10:34:25.511751"
  }
]