{
  "agent_name": "mep",
  "status": "completed",
  "design_data": {
    "hvac": {
      "system_type": "fan_coil_unit",
      "cooling_capacity_kw": 53.77104833388175,
      "ahus": [
        {
          "id": "AHU_0_0",
          "location": {
            "x": 13.693063937629153,
            "y": 8.128709291752768,
            "z": 0.0
          },
          "cooling_capacity_kw": 53.77104833388175,
          "airflow_m3h": 16131.314500164523,
          "zones_served": [
            "zone_0",
            "zone_1",
            "zone_2",
            "zone_3",
            "zone_4",
            "zone_5",
            "zone_6",
            "zone_7",
            "zone_8",
            "zone_9",
            "zone_10",
            "zone_11",
            "zone_12",
            "zone_13"
          ],
          "dimensions": {
            "l": 3.0,
            "w": 2.0,
            "h": 2.5
          }
        }
      ],
      "ductwork": [
        {
          "id": "D_main_0",
          "type": "supply",
          "start": {
            "x": 13.693063937629153,
            "y": 8.128709291752768,
            "z": 0.0
          },
          "end": {
            "x": 26.386127875258307,
            "y": 8.128709291752768,
            "z": 0.0
          },
          "width": 1.06,
          "height": 0.53,
          "airflow": 16131.314500164523,
          "velocity": 8,
          "bounds": {
            "min_x": 13.693063937629153,
            "max_x": 26.386127875258307,
            "min_y": 7.598709291752768,
            "max_y": 8.658709291752768,
            "min_z": 0.0,
            "max_z": 0.53
          }
        },
        {
          "id": "D_branch_1",
          "type": "supply",
          "start": {
            "x": 26.386127875258307,
            "y": 8.128709291752768,
            "z": 0.0
          },
          "end": {
            "x": 26.386127875258307,
            "y": 0.5,
            "z": 0.0
          },
          "width": 0.22,
          "height": 0.15,
          "airflow": 687.1102088255213,
          "velocity": 6,
          "bounds": {
            "min_x": 26.386127875258307,
            "max_x": 26.386127875258307,
            "min_y": 0.39,
            "max_y": 8.238709291752768,
            "min_z": 0.0,
            "max_z": 0.15
          }
        },
        {
          "id": "D_branch_2",
          "type": "supply",
          "start": {
            "x": 26.386127875258307,
            "y": 8.128709291752768,
            "z": 0.0
          },
          "end": {
            "x": 26.386127875258307,
            "y": 6.085806194501846,
            "z": 0.0
          },
          "width": 0.22,
          "height": 0.15,
          "airflow": 687.1102088255213,
          "velocity": 6,
          "bounds": {
            "min_x": 26.386127875258307,
            "max_x": 26.386127875258307,
            "min_y": 5.975806194501845,
            "max_y": 8.238709291752768,
            "min_z": 0.0,
            "max_z": 0.15
          }
        },
        {
          "id": "D_branch_3",
          "type": "supply",
          "start": {
            "x": 26.386127875258307,
            "y": 8.128709291752768,
            "z": 0.0
          },
          "end": {
            "x": 26.386127875258307,
            "y": 12.171612389003691,
            "z": 0.0
          },
          "width": 0.12,
          "height": 0.08,
          "airflow": 204.15119058869055,
          "velocity": 6,
          "bounds": {
            "min_x": 26.386127875258307,
            "max_x": 26.386127875258307,
            "min_y": 8.068709291752768,
            "max_y": 12.231612389003692,
            "min_z": 0.0,
            "max_z": 0.08
          }
        },
        {
          "id": "D_branch_4",
          "type": "supply",
          "start": {
            "x": 26.386127875258307,
            "y": 8.128709291752768,
            "z": 0.0
          },
          "end": {
            "x": 26.386127875258307,
            "y": 17.257418583505537,
            "z": 0.0
          },
          "width": 0.13,
          "height": 0.09,
          "airflow": 251.85,
          "velocity": 6,
          "bounds": {
            "min_x": 26.386127875258307,
            "max_x": 26.386127875258307,
            "min_y": 8.063709291752769,
            "max_y": 17.322418583505538,
            "min_z": 0.0,
            "max_z": 0.09
          }
        },
        {
          "id": "D_branch_5",
          "type": "supply",
          "start": {
            "x": 26.386127875258307,
            "y": 8.128709291752768,
            "z": 0.0
          },
          "end": {
            "x": 26.386127875258307,
            "y": 0.5,
            "z": 0.0
          },
          "width": 0.38,
          "height": 0.25,
          "airflow": 2047.4193741738109,
          "velocity": 6,
          "bounds": {
            "min_x": 26.386127875258307,
            "max_x": 26.386127875258307,
            "min_y": 0.31,
            "max_y": 8.318709291752768,
            "min_z": 0.0,
            "max_z": 0.25
          }
        },
        {
          "id": "D_branch_6",
          "type": "supply",
          "start": {
            "x": 26.386127875258307,
            "y": 8.128709291752768,
            "z": 0.0
          },
          "end": {
            "x": 26.386127875258307,
            "y": 6.085806194501846,
            "z": 0.0
          },
          "width": 0.39,
          "height": 0.26,
          "airflow": 2140.5968934949074,
          "velocity": 6,
          "bounds": {
            "min_x": 26.386127875258307,
            "max_x": 26.386127875258307,
            "min_y": 5.890806194501845,
            "max_y": 8.323709291752769,
            "min_z": 0.0,
            "max_z": 0.26
          }
        }
      ],
      "zones": [
        {
          "id": "zone_0",
          "name": "corridor_0_bottom",
          "floor_level": 0,
          "area": 111.9372989495272,
          "cooling_load": 2290.367362751738,
          "supply_air": 190.86394689597816,
          "fresh_air": 111.9372989495272
        },
        {
          "id": "zone_1",
          "name": "corridor_0_top",
          "floor_level": 0,
          "area": 111.9372989495272,
          "cooling_load": 2290.367362751738,
          "supply_air": 190.86394689597816,
          "fresh_air": 111.9372989495272
        },
        {
          "id": "zone_2",
          "name": "corridor_0_left",
          "floor_level": 0,
          "area": 38.62376356941574,
          "cooling_load": 680.5039686289686,
          "supply_air": 56.70866405241404,
          "fresh_air": 38.62376356941574
        },
        {
          "id": "zone_3",
          "name": "corridor_0_right",
          "floor_level": 0,
          "area": 41.666666666666664,
          "cooling_load": 839.4999999999999,
          "supply_air": 69.95833333333333,
          "fresh_air": 41.666666666666664
        },
        {
          "id": "zone_4",
          "name": "unit_e_1",
          "floor_level": 0,
          "area": 35.45049758500846,
          "cooling_load": 6824.731247246036,
          "supply_air": 568.7276039371696,
          "fresh_air": 35.45049758500846
        },
        {
          "id": "zone_5",
          "name": "unit_e_2",
          "floor_level": 0,
          "area": 38.62376356941575,
          "cooling_load": 7135.322978316359,
          "supply_air": 594.6102481930299,
          "fresh_air": 38.62376356941575
        },
        {
          "id": "zone_6",
          "name": "unit_e_3",
          "floor_level": 0,
          "area": 35.45049758500846,
          "cooling_load": 6824.731247246036,
          "supply_air": 568.7276039371696,
          "fresh_air": 35.45049758500846
        },
        {
          "id": "zone_7",
          "name": "corridor_1_bottom",
          "floor_level": 0,
          "area": 111.9372989495272,
          "cooling_load": 2290.367362751738,
          "supply_air": 190.86394689597816,
          "fresh_air": 111.9372989495272
        },
        {
          "id": "zone_8",
          "name": "corridor_1_top",
          "floor_level": 0,
          "area": 111.9372989495272,
          "cooling_load": 2290.367362751738,
          "supply_air": 190.86394689597816,
          "fresh_air": 111.9372989495272
        },
        {
          "id": "zone_9",
          "name": "corridor_1_left",
          "floor_level": 0,
          "area": 38.62376356941574,
          "cooling_load": 680.5039686289686,
          "supply_air": 56.70866405241404,
          "fresh_air": 38.62376356941574
        },
        {
          "id": "zone_10",
          "name": "corridor_1_right",
          "floor_level": 0,
          "area": 41.666666666666664,
          "cooling_load": 839.4999999999999,
          "supply_air": 69.95833333333333,
          "fresh_air": 41.666666666666664
        },
        {
          "id": "zone_11",
          "name": "unit_e_1",
          "floor_level": 0,
          "area": 35.45049758500846,
          "cooling_load": 6824.731247246036,
          "supply_air": 568.7276039371696,
          "fresh_air": 35.45049758500846
        },
        {
          "id": "zone_12",
          "name": "unit_e_2",
          "floor_level": 0,
          "area": 38.62376356941575,
          "cooling_load": 7135.322978316359,
          "supply_air": 594.6102481930299,
          "fresh_air": 38.62376356941575
        },
        {
          "id": "zone_13",
          "name": "unit_e_3",
          "floor_level": 0,
          "area": 35.45049758500846,
          "cooling_load": 6824.731247246036,
          "supply_air": 568.7276039371696,
          "fresh_air": 35.45049758500846
        }
      ]
    },
    "electrical": {
      "loads": {
        "lighting": 9.928554884989667,
        "equipment": 12.410693606237084,
        "hvac": 18.81986691685861,
        "elevator": 60,
        "total_connected": 101.15911540808537,
        "total_demand": 60.69546924485122,
        "transformer_size": 100
      },
      "distribution": {
        "panels": [
          {
            "id": "MSB",
            "type": "main",
            "location": {
              "x": 15.193063937629153,
              "y": 9.128709291752768,
              "z": 0
            },
            "capacity_kva": 100,
            "voltage": "415V",
            "circuits": 20
          },
          {
            "id": "FDB_0",
            "type": "floor",
            "location": {
              "x": 15.193063937629153,
              "y": 9.128709291752768,
              "z": 0.0
            },
            "capacity_kva": 36.41728154691073,
            "voltage": "415V",
            "circuits": 12
          },
          {
            "id": "FDB_1",
            "type": "floor",
            "location": {
              "x": 15.193063937629153,
              "y": 9.128709291752768,
              "z": 3.6
            },
            "capacity_kva": 36.41728154691073,
            "voltage": "415V",
            "circuits": 12
          }
        ],
        "cable_routes": [
          {
            "id": "riser_main",
            "type": "vertical",
            "start": {
              "x": 15.193063937629153,
              "y": 9.128709291752768,
              "z": 0
            },
            "end": {
              "x": 15.193063937629153,
              "y": 9.128709291752768,
              "z": 10.8
            },
            "width": 0.3
          }
        ],
        "emergency_power": {
          "generator_size": 100,
          "ups_capacity": 2.482138721247417,
          "automatic_transfer": true
        }
      }
    },
    "plumbing": {
      "fixtures": {
        "wc": 2,
        "lavatory": 2,
        "shower": 2,
        "kitchen": 2
      },
      "risers": [
        {
          "id": "CW_01",
          "type": "cold_water",
          "position": {
            "x": 15.193063937629153,
            "y": 8.128709291752768
          },
          "diameter_mm": 50,
          "floors_served": [
            0,
            1
          ]
        },
        {
          "id": "HW_01",
          "type": "hot_water",
          "position": {
            "x": 15.193063937629153,
            "y": 8.628709291752768
          },
          "diameter_mm": 37.5,
          "floors_served": [
            0,
            1
          ]
        },
        {
          "id": "DR_01",
          "type": "drain",
          "position": {
            "x": 15.693063937629153,
            "y": 8.128709291752768
          },
          "diameter_mm": 100,
          "floors_served": [
            0,
            1
          ]
        },
        {
          "id": "VT_01",
          "type": "vent",
          "position": {
            "x": 15.693063937629153,
            "y": 8.628709291752768
          },
          "diameter_mm": 75,
          "floors_served": [
            0,
            1
          ]
        }
      ]
    },
    "fire_protection": {
      "sprinkler_system": true,
      "coverage_area": 1000.0,
      "sprinkler_count": 83,
      "standpipe": false,
      "fire_pump": false,
      "fire_pump_capacity_lpm": 0
    },
    "metrics": {
      "cooling_capacity_w_per_m2": 53.77104833388175,
      "electrical_load_w_per_m2": 60.69546924485122,
      "fresh_air_l_per_s_per_m2": 0.8273795737491391,
      "estimated_eui_kwh_per_m2": 259.28076977989156
    },
    "geometry": {
      "elements": [
        {
          "type": "ahu",
          "id": "AHU_0_0",
          "bounds": {
            "min_x": 13.693063937629153,
            "max_x": 16.693063937629155,
            "min_y": 8.128709291752768,
            "max_y": 10.128709291752768,
            "min_z": 0.0,
            "max_z": 2.5
          }
        },
        {
          "type": "duct",
          "id": "D_main_0",
          "path": [
            [
              13.693063937629153,
              8.128709291752768,
              0.0
            ],
            [
              26.386127875258307,
              8.128709291752768,
              0.0
            ]
          ],
          "width": 1.06,
          "height": 0.53
        },
        {
          "type": "duct",
          "id": "D_branch_1",
          "path": [
            [
              26.386127875258307,
              8.128709291752768,
              0.0
            ],
            [
              26.386127875258307,
              0.5,
              0.0
            ]
          ],
          "width": 0.22,
          "height": 0.15
        },
        {
          "type": "duct",
          "id": "D_branch_2",
          "path": [
            [
              26.386127875258307,
              8.128709291752768,
              0.0
            ],
            [
              26.386127875258307,
              6.085806194501846,
              0.0
            ]
          ],
          "width": 0.22,
          "height": 0.15
        },
        {
          "type": "duct",
          "id": "D_branch_3",
          "path": [
            [
              26.386127875258307,
              8.128709291752768,
              0.0
            ],
            [
              26.386127875258307,
              12.171612389003691,
              0.0
            ]
          ],
          "width": 0.12,
          "height": 0.08
        },
        {
          "type": "duct",
          "id": "D_branch_4",
          "path": [
            [
              26.386127875258307,
              8.128709291752768,
              0.0
            ],
            [
              26.386127875258307,
              17.257418583505537,
              0.0
            ]
          ],
          "width": 0.13,
          "height": 0.09
        },
        {
          "type": "duct",
          "id": "D_branch_5",
          "path": [
            [
              26.386127875258307,
              8.128709291752768,
              0.0
            ],
            [
              26.386127875258307,
              0.5,
              0.0
            ]
          ],
          "width": 0.38,
          "height": 0.25
        },
        {
          "type": "duct",
          "id": "D_branch_6",
          "path": [
            [
              26.386127875258307,
              8.128709291752768,
              0.0
            ],
            [
              26.386127875258307,
              6.085806194501846,
              0.0
            ]
          ],
          "width": 0.39,
          "height": 0.26
        },
        {
          "type": "riser",
          "id": "CW_01",
          "riser_type": "cold_water",
          "position": [
            15.193063937629153,
            8.128709291752768
          ],
          "diameter": 50
        },
        {
          "type": "riser",
          "id": "HW_01",
          "riser_type": "hot_water",
          "position": [
            15.193063937629153,
            8.628709291752768
          ],
          "diameter": 37.5
        },
        {
          "type": "riser",
          "id": "DR_01",
          "riser_type": "drain",
          "position": [
            15.693063937629153,
            8.128709291752768
          ],
          "diameter": 100
        },
        {
          "type": "riser",
          "id": "VT_01",
          "riser_type": "vent",
          "position": [
            15.693063937629153,
            8.628709291752768
          ],
          "diameter": 75
        }
      ]
    }
  },
  "geometry": {
    "elements": [
      {
        "type": "ahu",
        "id": "AHU_0_0",
        "bounds": {
          "min_x": 13.693063937629153,
          "max_x": 16.693063937629155,
          "min_y": 8.128709291752768,
          "max_y": 10.128709291752768,
          "min_z": 0.0,
          "max_z": 2.5
        }
      },
      {
        "type": "duct",
        "id": "D_main_0",
        "path": [
          [
            13.693063937629153,
            8.128709291752768,
            0.0
          ],
          [
            26.386127875258307,
            8.128709291752768,
            0.0
          ]
        ],
        "width": 1.06,
        "height": 0.53
      },
      {
        "type": "duct",
        "id": "D_branch_1",
        "path": [
          [
            26.386127875258307,
            8.128709291752768,
            0.0
          ],
          [
            26.386127875258307,
            0.5,
            0.0
          ]
        ],
        "width": 0.22,
        "height": 0.15
      },
      {
        "type": "duct",
        "id": "D_branch_2",
        "path": [
          [
            26.386127875258307,
            8.128709291752768,
            0.0
          ],
          [
            26.386127875258307,
            6.085806194501846,
            0.0
          ]
        ],
        "width": 0.22,
        "height": 0.15
      },
      {
        "type": "duct",
        "id": "D_branch_3",
        "path": [
          [
            26.386127875258307,
            8.128709291752768,
            0.0
          ],
          [
            26.386127875258307,
            12.171612389003691,
            0.0
          ]
        ],
        "width": 0.12,
        "height": 0.08
      },
      {
        "type": "duct",
        "id": "D_branch_4",
        "path": [
          [
            26.386127875258307,
            8.128709291752768,
            0.0
          ],
          [
            26.386127875258307,
            17.257418583505537,
            0.0
          ]
        ],
        "width": 0.13,
        "height": 0.09
      },
      {
        "type": "duct",
        "id": "D_branch_5",
        "path": [
          [
            26.386127875258307,
            8.128709291752768,
            0.0
          ],
          [
            26.386127875258307,
            0.5,
            0.0
          ]
        ],
        "width": 0.38,
        "height": 0.25
      },
      {
        "type": "duct",
        "id": "D_branch_6",
        "path": [
          [
            26.386127875258307,
            8.128709291752768,
            0.0
          ],
          [
            26.386127875258307,
            6.085806194501846,
            0.0
          ]
        ],
        "width": 0.39,
        "height": 0.26
      },
      {
        "type": "riser",
        "id": "CW_01",
        "riser_type": "cold_water",
        "position": [
          15.193063937629153,
          8.128709291752768
        ],
        "diameter": 50
      },
      {
        "type": "riser",
        "id": "HW_01",
        "riser_type": "hot_water",
        "position": [
          15.193063937629153,
          8.628709291752768
        ],
        "diameter": 37.5
      },
      {
        "type": "riser",
        "id": "DR_01",
        "riser_type": "drain",
        "position": [
          15.693063937629153,
          8.128709291752768
        ],
        "diameter": 100
      },
      {
        "type": "riser",
        "id": "VT_01",
        "riser_type": "vent",
        "position": [
          15.693063937629153,
          8.628709291752768
        ],
        "diameter": 75
      }
    ]
  },
  "metrics": {
    "cooling_capacity_w_per_m2": 53.77104833388175,
    "electrical_load_w_per_m2": 60.69546924485122,
    "fresh_air_l_per_s_per_m2": 0.8273795737491391,
    "estimated_eui_kwh_per_m2": 259.28076977989156
  },
  "decisions": [
    {
      "id": "mep_0_1769326465",
      "decision": "analysis_complete",
      "reasoning": "Total cooling load: 54 kW for 14 zones",
      "confidence": 0.8,
      "timestamp": "2026-01-25T10:34:25.510574"
    },
    {
      "id": "mep_1_1769326465",
      "decision": "analysis_complete",
      "reasoning": "Completed analysis with 0 requirements identified",
      "confidence": 0.8,
      "timestamp": "2026-01-25T10:34:25.510579"
    },
    {
      "id": "mep_2_1769326465",
      "decision": "hvac_system_selected",
      "reasoning": "Selected fan_coil_unit system for 54 kW load",
      "confidence": 0.85,
      "timestamp": "2026-01-25T10:34:25.510601"
    },
    {
      "id": "mep_3_1769326465",
      "decision": "design_complete",
      "reasoning": "MEP design complete: 1 AHUs, 7 ducts, 4 risers",
      "confidence": 0.8,
      "timestamp": "2026-01-25T10:34:25.510760"
    },
    {
      "id": "mep_4_1769326465",
      "decision": "design_generated",
      "reasoning": "Generated initial design with 0 elements",
      "confidence": 0.8,
      "timestamp": "2026-01-25T10:34:25.510770"
    },
    {
      "id": "mep_5_1769326465",
      "decision": "design_optimized",
      "reasoning": "Optimized design for efficiency",
      "confidence": 0.8,
      "timestamp": "2026-01-25T10:34:25.510785"
    }
  ],
  "conflicts": [
    {
      "id": "conflict_mep_structural_0",
      "type": "mep_clearance",
      "priority": 80,
      "description": "Duct D_main_0 height 0.53m exceeds available plenum 0.29999999999999993m"
    },
    {
      "id": "conflict_mep_structural_1",
      "type": "mep_clearance",
      "priority": 80,
      "description": "Duct D_branch_5 height 0.25m exceeds available plenum 0.29999999999999993m"
    },
    {
      "id": "conflict_mep_structural_2",
      "type": "mep_clearance",
      "priority": 80,
      "description": "Duct D_branch_6 height 0.26m exceeds available plenum 0.29999999999999993m"
    }
  ],
  "warnings": [],
  "execution_time": 0.000285,
  "created_at": "2026-01-25T10:34:25.510793"
}