{
  "resolved": [],
  "unresolved": [
    {
      "id": "conflict_mep_structural_0",
      "type": "mep_clearance",
      "priority": 80,
      "source": "mep",
      "target": "structural",
      "description": "Duct D_main_0 height 0.53m exceeds available plenum 0.29999999999999993m"
    },
    {
      "id": "conflict_mep_structural_1",
      "type": "mep_clearance",
      "priority": 80,
      "source": "mep",
      "target": "structural",
      "description": "Duct D_branch_5 height 0.25m exceeds available plenum 0.29999999999999993m"
    },
    {
      "id": "conflict_mep_structural_2",
      "type": "mep_clearance",
      "priority": 80,
      "source": "mep",
      "target": "structural",
      "description": "Duct D_branch_6 height 0.26m exceeds available plenum 0.29999999999999993m"
    }
  ]
}